"拼音排序","編號","詞彙","拼音","等級","詞類","英文解釋"
3,"2515","愛好","àihào ","I","(VS)","love, like, be fond of, be keen on"
7,"2517","愛惜","àixí ","I","(VS)","treasure"
11,"0708","安定","āndìng ","I","(VS)","stabilize"
13,"0707","安心","ānxīn ","I","(VS)","feel at ease, be relieved, keep one's mind on sth."
16,"2542","暗","àn ","I","(VS)","dark, dim, dull, hidden, secret, unclear"
20,"2902","骯髒","āngzhāng ","I","(VS)","dirty"
31,"2010","敗","bài ","I","(VS)","lose, be defeated, beat, ruin"
54,"0400","包括","bāokuò ","I","(VS)","include, consist of, comprise, incorporate"
56,"0399","包含","bāohán ","I","(VS)","contain, embody, include"
62,"1297","保持","băochí","I","(VS)","keep, maintain, preserve"
64,"3377","寶貴","băoguì ","I","(VS)","valuable, precious"
67,"1296","保守","băoshǒu ","I","(VS)","conservative"
75,"1150","抱","bào ","I","(VS)","hold (a particular opinion or belief)"
88,"3327","爆炸","bàozhà ","I","(VS)","explode, blow up"
89,"2964","暴躁","bàozào ","I","(VS)","petulant, irascible, explosive"
91,"2233","悲痛","bēitòng ","I","(VS)","grieve, sorrow, painfully sad"
97,"2103","被動","bèidòng ","I","(VS)","passive"
105,"0504","本來","běnlái ","I","(VS)","original"
109,"2076","笨重","bènzhòng ","I","(VS)","awkward"
127,"0486","必須","bìxū ","I","(VS)","necessary, required"
129,"0485","必要","bìyào ","I","(VS)","need"
133,"1378","扁","biăn ","I","(VS)","flat"
136,"3424","變動","biàndòng ","I","(VS)","change, fluctuate"
138,"1292","便利","biànlì ","I","(VS)","facilitate"
142,"2966","標準","biāozhŭn ","I","(VS)","standard"
153,"0606","冰","bīng ","I","(VS)","feel cold, put on ice"
165,"3243","薄","bó ","I","(VS)","thin, flimsy, weak, light, lacking in warmth, cold, infertile"
169,"3244","薄弱","bóruò ","I","(VS)","frail, weak"
175,"0163","不當","búdàng ","I","(VS)","unsuitable, inappropriate"
176,"0151","不到","búdào ","I","(VS)","be less than"
177,"0168","不斷","búduàn ","I","(VS)","unceasing, continuous"
179,"0170","不顧","búgù ","I","(VS)","ignore"
183,"0147","不利","búlì ","I","(VS)","unfavorable, detrimental, unsuccessful"
185,"0153","不幸","búxìng ","I","(VS)","unfortunate"
197,"0145","不安","bùān ","I","(VS)","be anxious, be uneasy, be restless"
198,"0146","不成","bùchéng ","I","(VS)","cannot, should not, must not"
200,"0156","不得已","bùdéyĭ","I","(VS)","have no alternative"
202,"0160","不敢當","bùgăndāng ","I","(VS)","not be deserving of"
205,"0142","不合","bùhé ","I","(VS)","conflict with (opinioon, rules, etc.),"
207,"0148","不良","bùliáng","I","(VS)","bad, harmful"
208,"0166","不滿","bùmăn ","I","(VS)","resentful, dissatisfied"
210,"0138","不平","bùpíng ","I","(VS)","dissatisfied, unfair, uneven"
213,"0144","不如","bùrú ","I","(VS)","be unequal/inferior to"
217,"0152","不宜","bùyí ","I","(VS)","be unsuitable"
220,"0136","不止","bùzhǐ ","I","(VS)","not be limited (to), endless"
224,"0150","不足","bùzú ","I","(VS)","not be enough, not be worth (doing sth.), cannot, should not"
233,"1945","彩色","căisè ","I","(VS)","colorful"
238,"2778","慚愧","cánkuì ","I","(VS)","ashamed"
239,"2779","慘","căn ","I","(VS)","miserable, pitiful, tragic, cruel, savage"
242,"3104","操心","cāoxīn ","I","(VS)","trouble about, take pains, worry, care, take trouble, wrack one's brains, worry about"
267,"2063","產生","chănshēng ","I","(VS)","come into being, produce, engender, emerge"
274,"1266","長久","chángjiŭ ","I","(VS)","for a long time, permanently"
279,"1270","長途","chángtú ","I","(VS)","long distance"
286,"2389","超出","chāochū ","I","(VS)","exceed, go beyond, overstep"
287,"2393","超過","chāoguò ","I","(VS)","outstrip, surpass, exceed"
288,"2391","超級","chāojí ","I","(VS)","super"
293,"2390","超重","chāozhòng ","I","(VS)","be overweight, overweight"
296,"2982","潮溼/濕","cháoshī ","I","(VS)","moist, damp"
303,"2774","徹底","chèdǐ ","I","(VS)","complete, thorough"
310,"0719","成","chéng ","I","(VS)","accomplish, succeed"
318,"2654","誠懇","chéngkěn ","I","(VS)","sincere"
321,"0731","成熟","chéngshú","I","(VS)","ripe, mature"
324,"0870","呈現","chéngxiàn ","I","(VS)","present, appear, emerge"
328,"0727","成長","chéngzhăng ","I","(VS)","grow up, mature"
330,"0649","吃虧","chīkuī ","I","(VS)","suffer loss, come to grief"
331,"3160","遲","chí ","I","(VS)","late"
337,"0366","充分/份","chōngfèn ","I","(VS)","full,ample,abundant"
338,"0369","充滿","chōngmăn ","I","(VS)","be brimming/permeated with"
339,"0368","充實","chōngshí ","I","(VS)","substantiate,enrich,replenish"
340,"0367","充足","chōngzú ","I","(VS)","adequate; sufficient; abundant; ample"
343,"1927","崇拜","chóngbài ","I","(VS)","worship,adore"
344,"1928","崇高","chónggāo ","I","(VS)","lofty,sublime"
348,"2521","愁","chóu ","I","(VS)","worry,be anxious/grieved"
349,"3259","醜","chŏu","I","(VS)","ugly,unsightly"
352,"0372","出","chū ","I","(VS)","go/come out,exit"
355,"1245","初步","chūbù ","I","(VS)","initial,preliminary,tentative"
358,"0386","出產","chūchăn  ","I","(VS)","produce,manufacture"
359,"1247","初級","chūjí ","I","(VS)","elementary, primary"
363,"0376","出色","chūsè ","I","(VS)","outstanding,remarkable,splendid"
364,"0377","出身","chūshēn ","I","(VS)","class origin,family background;one's previous experience/occupation"
366,"0378","出事","chūshì ","I","(VS)","meet with mishap,have accident,meet with a mishap,have an accident"
372,"1819","除","chú ","I","(VS)","get rid of,eliminate,remove"
396,"2459","傳統","chuántŏng ","I","(VS)","traditional"
405,"1745","純","chún ","I","(VS)","pure,simple"
412,"1050","刺激","cìjī ","I","(VS)","stimulate, provoke, irritate, upset"
419,"1956","從事","cóngshì ","I","(VS)","be engaged in, deal with, go in for"
422,"2080","粗","cū ","I","(VS)","wide (in diameter),thick"
424,"2081","粗心","cūxīn ","I","(VS)","careless"
428,"1307","促進","cùjìn ","I","(VS)","promote, accelerate"
431,"3165","錯過","cuòguò ","I","(VS)","miss,let slip"
438,"2691","達到","dádào ","I","(VS)","achieve, reach, attain"
454,"0086","大大","dàdà ","I","(VS)","great, greatly"
455,"0111","大膽","dàdăn ","I","(VS)","audacious, bold, daring"
459,"0089","大方","dàfāng ","I","(VS)","(1) generous; (2) elegant and composed, natural and poised"
472,"0096","大型","dàxíng ","I","(VS)","large-size (machines/factories/etc.)"
473,"0107","大意","dàyì ","I","(VS)","careless"
474,"0093","大有","dàyŏu ","I","(VS)","have"
481,"0360","代表","dàibiăo ","I","(VS)","represent, indicate"
498,"2198","單純","dānchún ","I","(VS)","simple, pure, plain, artless"
499,"2199","單調","dāndiào ","I","(VS)","monotonous, dull, drab, boring"
501,"2197","單身","dānshēn ","I","(VS)","unmarried, single"
531,"1052","到底","dàodĭ","I","(VS)","to the end"
536,"1947","得分","défēn ","I","(VS)","score"
538,"1946","得了","déle ","I","(VS)","well! well! ; it's enough! ; have done with it!"
539,"1948","得意","déyì ","I","(VS)","be proud of, be exalted, be complacent"
547,"2340","等待","děngdài ","I","(VS)","wait for, await"
570,"0660","地下","dìxià ","I","(VS)","underground, secret activity"
577,"1042","典型","diănxíng ","I","(VS)","typical, representative"
581,"2712","電動","diàndòng ","I","(VS)","electric"
595,"2399","跌","dié ","I","(VS)","drop, fall"
601,"1101","定期","dìngqí ","I","(VS)","periodical, regular"
604,"0564","丟臉","diūliăn ","I","(VS)","lose face, reflect, be disgraced, humiliate"
605,"0563","丟人","diūrén ","I","(VS)","lose face, be disgraced"
611,"3204","懂得","dǒngde ","I","(VS)","understand, know"
612,"3203","懂事","dǒngshì ","I","(VS)","sensible"
614,"1576","凍","dòng ","I","(VS)","freeze, feel very cold, be frostbitten"
618,"1862","動人","dòngrén ","I","(VS)","moving, touching"
628,"1416","毒","dú ","I","(VS)","(1)poisonous; (2)malicious, murderous, with hate or intention to harm; (3)cruel,ruthless"
629,"3135","獨立","dúlì ","I","(VS)","stand alone"
631,"3137","獨特","dútè ","I","(VS)","unique, distinctive"
637,"3277","斷","duàn ","I","(VS)","break, cut off, break off"
648,"2766","對立","duìlì ","I","(VS)","oppose, set sth. against, be antagonist to"
660,"0682","多謝","duōxiè ","I","(VS)","thank you very much"
663,"1593","哦","é ","I","(VS)","inj.: softly chant (poem); recite (poem) with cadence"
666,"0789","而且","érqiě ","I","(VS)","furthermore, besides ,moreover"
669,"2312","發","fā ","I","(VS)","develop, expand, open up, discover, expose, show one's feeling"
671,"2323","發財","fācái ","I","(VS)","get rich, make a pile"
673,"2329","發達","fādá ","I","(VS)","developed, flourishing"
676,"2326","發揮","fāhuī ","I","(VS)","bring into play, give free rein to, develop (idea/etc.), elaborate"
677,"2330","發覺","fājué ","I","(VS)","find, detect, discover"
697,"2572","煩","fán ","I","(VS)","trouble"
699,"2574","煩惱","fánnăo ","I","(VS)","vexed, worried"
700,"3231","繁榮","fánróng ","I","(VS)","flourishing, prosperous, booming"
702,"0234","反","făn ","I","(VS)","to oppose, turn against, criticize,counter,revolt,rebel,combat"
711,"0239","反映","fănyìng ","I","(VS)","reflect, mirror"
721,"0290","方","fāng ","I","(VS)","square"
731,"1159","放學","fàngxué ","I","(VS)","finish classes (for the day)"
734,"1283","非法","fēifă ","I","(VS)","illegal, unlawful, illicit"
735,"1226","肥","féi ","I","(VS)","fat, fertile, rich"
736,"1228","肥胖","féipàng ","I","(VS)","fat, corpulent"
738,"2381","費","fèi ","I","(VS)","cost, spend, expend"
748,"0205","分布/佈","fēnbù ","I","(VS)","be distributed (over an area), be scattered"
752,"0215","分開","fēnkāi ","I","(VS)","separate, part, break up"
753,"0210","分明","fēnmíng ","I","(VS)","clear, evident"
755,"0214","分散","fēnsàn ","I","(VS)","disperse, scatter, decentralize"
763,"2948","憤怒","fènnù ","I","(VS)","indignant, angry"
764,"2815","瘋","fēng ","I","(VS)","spindle (of plants)"
767,"1347","封建","fēngjiàn ","I","(VS)","feudal, feudalistic"
768,"2817","瘋狂","fēngkuáng ","I","(VS)","insane, frenzied, unbridled"
771,"1546","風趣","fēngqù ","I","(VS)","humourous"
775,"2148","逢","féng ","I","(VS)","meet, come upon"
787,"1171","服","fú ","I","(VS)","(1)take (medicine); (2)obey, submit (oneself) to"
790,"2077","符合","fúhé ","I","(VS)","accord/tally with, conform to"
793,"2853","腐敗","fŭbài ","I","(VS)","corrupt"
795,"2217","富","fù ","I","(VS)","wealthy, abundant"
804,"2218","富裕","fùyù ","I","(VS)","plentiful, abundant, rich"
805,"3025","複雜","fùzá ","I","(VS)","complicated, complex"
819,"1841","乾脆","gāncuì ","I","(VS)","direct, forthright"
820,"2878","趕","găn ","I","(VS)","(1)run after, pursue; (2)drive, drive away, expel"
822,"2499","感到","găndào ","I","(VS)","feel, sense"
823,"2502","感動","găndòng ","I","(VS)","move, touch"
824,"2505","感激","gănjī ","I","(VS)","feel grateful/indebted"
827,"2501","感染","gănrăn ","I","(VS)","infect, influence, affect"
829,"2500","感受","gănshòu ","I","(VS)","be affected by, experience, feel"
831,"2506","感興趣","gănxìngqù ","I","(VS)","be interested in"
840,"1580","剛好","gānghăo ","I","(VS)","exact, just right"
845,"1826","高大","gāodà ","I","(VS)","tall and big, great, massive"
846,"1830","高度","gāodù ","I","(VS)","highly, greatly"
849,"1836","高貴","gāoguì ","I","(VS)","noble, high"
850,"1834","高級","gāojí ","I","(VS)","high-level, high-class, quality"
851,"1829","高明","gāomíng ","I","(VS)","brilliant, wise"
852,"1835","高速","gāosù ","I","(VS)","high-speed"
864,"2706","隔","gé ","I","(VS)","separate, cut off, impede"
870,"1566","個別","gèbié  ","I","(VS)","individual, specific"
873,"0626","各式各樣","gèshìgèyàng ","I","(VS)","all sorts/kinds,various"
889,"0202","公開","gōngkāi ","I","(VS)","make public, make known to public"
890,"0200","公立","gōnglì ","I","(VS)","public, established and maintained by the government"
892,"0197","公平","gōngpíng ","I","(VS)","fair, just, impartial"
897,"0198","公用","gōngyòng ","I","(VS)","be for public use"
901,"0600","共","gòng ","I","(VS)","together"
904,"0603","共同","gòngtóng ","I","(VS)","common, joint"
911,"1099","孤單","gūdān ","I","(VS)","alone, friendless"
916,"0426","古","gŭ ","I","(VS)","ancient, age-old, not following current customs/practice"
918,"0429","古典","gŭdiăn ","I","(VS)","classical"
920,"0428","古老","gŭlăo ","I","(VS)","ancient, old"
926,"3404","顧","gù ","I","(VS)","attend to, look after, take into consideration, visit, call on"
927,"1086","固定","gùdìng ","I","(VS)","flat, stabile, regular"
931,"1403","故意","gùyì ","I","(VS)","intentional, willful"
936,"1120","怪","guài ","I","(VS)","quite, very"
953,"2776","慣","guàn ","I","(VS)","habitual, customary"
958,"0585","光","guāng ","I","(VS)","bright, brilliant, shining"
959,"0586","光","guāng ","I","(VS)","naked, nude"
961,"0588","光亮","guāngliàng ","I","(VS)","bright"
963,"0587","光明","guāngmíng ","I","(VS)","bright, promising, openhearted, guileless"
964,"0590","光榮","guāngróng ","I","(VS)","honor, glory,c redit"
967,"2933","廣","guăng ","I","(VS)","wide, vast, numerous"
969,"2934","廣大","guăngdà ","I","(VS)","vast, wide, large-scale, wide-spread, numerous"
970,"2937","廣泛","guăngfàn ","I","(VS)","extensive, wide-ranging"
973,"2939","廣闊","guăngkuò ","I","(VS)","vast, broad"
994,"1888","國立","guólì ","I","(VS)","state/national maintained/run"
1007,"2700","過度","guòdù ","I","(VS)","excessive"
1008,"2697","過分/份","guòfèn ","I","(VS)","excessive, undue"
1011,"2701","過期","guòqí ","I","(VS)","overdue, be overdue, exceed the time limit, stale"
1013,"2699","過世","guòshì ","I","(VS)","die, pass away"
1028,"0885","含","hán ","I","(VS)","include"
1030,"2216","寒冷","hánlěng  ","I","(VS)","cold, frigid"
1036,"2019","毫無","háowú ","I","(VS)","completely lack"
1039,"0690","好意思","hăoyìsi  ","I","(VS)","have the nerve"
1041,"1755","耗","hào ","I","(VS)","waste time, dawdle"
1042,"0685","好","hăo ","I","(VS)","be fond of"
1043,"0689","好客","hàokè ","I","(VS)","hospitable"
1044,"0688","好奇","hàoqí ","I","(VS)","curious, full of curiosity"
1047,"0635","合","hé ","I","(VS)","be equal to, amount to"
1048,"0636","合","hé ","I","(VS)","be fitting, accord with, conform to"
1051,"0638","合不來","hébùlái ","I","(VS)","not get along well"
1054,"0644","合得來","hédelái ","I","(VS)","get along well"
1055,"0641","合法","héfă ","I","(VS)","lawful, legitimate, rightful"
1056,"0642","合格","hégé ","I","(VS)","qualify, reach standard, pass"
1057,"1076","和好","héhăo ","I","(VS)","become reconciled"
1058,"0639","合乎","héhū ","I","(VS)","conform with/to, accord/tally with"
1060,"0645","合理","hélĭ ","I","(VS)","rational, reasonable, equitable"
1062,"1075","和平","hépíng ","I","(VS)","mild, peaceful"
1063,"1077","和氣","héqì ","I","(VS)","friendly"
1064,"0646","合算","hésuàn ","I","(VS)","reckon up, total"
1065,"0647","合適","héshì ","I","(VS)","suitable, appropriate, becoming, right"
1067,"2452","黑暗","hēiàn ","I","(VS)","dark"
1071,"1375","恨","hèn ","I","(VS)","hate,regret,be exasperated"
1072,"1376","恨不得","hènbùdé ","I","(VS)","very anxious to,itch to"
1073,"3117","橫","héng ","I","(VS)","horizontal,transverse,across,sideways"
1076,"1327","厚","hòu ","I","(VS)","thick, deep, profound, kind, magnanimous, large, generous, rich/strong in flavor"
1080,"1365","後悔","hòuhuĭ ","I","(VS)","regret, repent"
1087,"1118","忽略","hūlüè ","I","(VS)","neglect, overlook ,lose sight of"
1088,"1119","忽視","hūshì ","I","(VS)","ignore, overlook, neglect"
1090,"3009","糊塗","hútú ","I","(VS)","muddled, confused, thoughtless, slipshod"
1096,"1234","花","huā ","I","(VS)","flowery, florid, profligate, blurred,false"
1106,"2565","滑","huá ","I","(VS)","slippery, smooth, cunning, crafty"
1108,"0219","化","huà ","I","(VS)","to transform physically, to disguise"
1120,"3412","歡樂","huānlè ","I","(VS)","happy, joyous, gay"
1121,"3411","歡喜","huānxĭ ","I","(VS)","like, be fond of"
1124,"3015","緩慢","huănmàn ","I","(VS)","slow"
1127,"2523","慌","huāng ","I","(VS)","lose self-possession, panic"
1132,"0765","灰","huī ","I","(VS)","gray"
1133,"1377","恢復","huīfù ","I","(VS)","resume, renew, recover, regain, restore, reinstate, rehabilitate"
1135,"0766","灰心","huīxīn ","I","(VS)","lose heart, be discouraged"
1143,"0658","回憶","huíyì ","I","(VS)","recollect, recall"
1148,"1169","昏倒","hūndăo ","I","(VS)","faint"
1150,"1170","昏迷","hūnmí ","I","(VS)","remain unconscious"
1154,"2029","混亂","hùnluàn ","I","(VS)","confused, chaotic"
1155,"1426","活該","huógāi ","I","(VS)","serve sb. right, deservedly be, be destined to, ought, should"
1157,"1427","活潑","huópō ","I","(VS)","lively, vivacious, vivid"
1158,"1428","活躍","huóyuè ","I","(VS)","enliven, animate, invigorate"
1163,"3215","獲得","huòdé ","I","(VS)","gain, acquire, win,a chieve"
1169,"1901","基本","jīběn ","I","(VS)","basic, elementary"
1172,"3129","激動","jīdòng ","I","(VS)","stirred, agitated"
1177,"3139","積極","jījí  ","I","(VS)","positive, active, energetic, vigorous"
1179,"3128","激烈","jīliè  ","I","(VS)","intense, sharp, fierce, acute"
1188,"0233","及格","jígé  ","I","(VS)","pass ,nail, make it"
1192,"1914","寂寞","jímò  ","I","(VS)","be lonely"
1197,"2432","集中","jízhōng  ","I","(VS)","focus, concentrate"
1200,"1504","計較","jìjiào  ","I","(VS)","haggle over, dispute, discuss in minute detail, mind,care"
1203,"1480","紀念","jìniàn  ","I","(VS)","commemorate, mark"
1214,"1766","記住","jìzhù ","I","(VS)","remember, learn by heart, bear in mind"
1215,"1015","佳","jiā ","I","(VS)","fine, beautiful, distinguished"
1238,"2908","價值","jiàzhí ","I","(VS)","be worth"
1242,"0711","尖","jiān ","I","(VS)","penetrating ,incisive, piercing, intense, acute, sharp, shrill"
1245,"1896","堅持","jiānchí ","I","(VS)","persist in, insist on"
1246,"1895","堅定","jiāndìng ","I","(VS)","firm, staunch, steadfast"
1247,"1894","堅決","jiānjué ","I","(VS)","firm, determined"
1248,"1897","堅強","jiānqiáng ","I","(VS)","staunch, steadfast "
1249,"0712","尖銳","jiānruì ","I","(VS)","sharp-pointed"
1254,"2283","減","jiăn ","I","(VS)","subtract, reduce, decrease, cut, lessen, diminish, deduct"
1256,"2285","減輕","jiănqīng ","I","(VS)","lighten, ease, mitigate"
1257,"2284","減少","jiănshăo ","I","(VS)","reduce, decrease"
1263,"2424","間接","jiànjiē ","I","(VS)","indirect, at indirect, roundabout"
1266,"1853","健全","jiànquán ","I","(VS)","sound, perfect"
1275,"3246","講究","jiăngjiù ","I","(VS)","tasteful, exquisite"
1280,"1532","降低","jiàngdī ","I","(VS)","reduce, cut down, drop, lower"
1281,"1533","降價","jiàngjià ","I","(VS)","lower prices"
1283,"3418","驕傲","jiāoào ","I","(VS)","be proud, take pride in"
1287,"0570","交流","jiāoliú ","I","(VS)","exchange, interflow, interchange"
1300,"1997","教","jiào ","I","(VS)","cause/ask to"
1314,"1964","接","jiē ","I","(VS)","connect, join, put together, come in contact with, come close to"
1321,"1967","接近","jiējìn ","I","(VS)","intimate, close"
1330,"2351","結合","jiéhé ","I","(VS)","combine, unite,I ntegrate, link, be joined in wedlock"
1334,"2601","節省","jiéshěng ","I","(VS)","save, thriftiness, stint, penny-pinching"
1335,"2602","節約","jiéyuē ","I","(VS)","economize, save"
1337,"2780","截止","jiézhĭ ","I","(VS)","end, close, cut off"
1351,"2844","緊急","jĭnjí ","I","(VS)","urgent, critical"
1354,"2818","盡","jìn ","I","(VS)","try one's best, put to best use"
1356,"1259","近","jìn ","I","(VS)","approach/reach (a particular level or state)"
1361,"1261","近視","jìnshì  ","I","(VS)","short-sighted"
1364,"2839","精彩","jīngcăi  ","I","(VS)","brilliant, splendid"
1369,"2607","經歷","jīnglì ","I","(VS)","go through, undergo, experience"
1372,"3429","驚人","jīngrén  ","I","(VS)","astonishing, amazing, alarming"
1373,"2840","精細","jīngxì ","I","(VS)","meticulous, fine, careful and attentive, thorough"
1374,"3430","驚訝","jīngyà  ","I","(VS)","amazed, astounded"
1375,"2610","經驗","jīngyàn ","I","(VS)","go through, experience"
1381,"3176","靜","jìng ","I","(VS)","still, quiet, calm"
1382,"2535","敬愛","jìngài ","I","(VS)","respect and love"
1383,"2036","淨化","jìnghuà ","I","(VS)","purify"
1409,"1033","具","jù ","I","(VS)","possess, have, provide, furnish"
1411,"1036","具備","jùbèi ","I","(VS)","possess, have, be provided with"
1414,"0465","巨大","jùdà ","I","(VS)","huge, gigantic"
1420,"2913","劇烈","jùliè ","I","(VS)","violent, fierce"
1423,"1037","具體","jùtĭ","I","(VS)","concrete, specific, particular"
1424,"1035","具有","jùyŏu ","I","(VS)","possess, have, be provided with"
1435,"2362","絕對","juéduì ","I","(VS)","absolute, perfect, definite"
1437,"3383","覺悟","juéwù ","I","(VS)","come to understand, realize"
1446,"2411","開","kāi ","I","(VS)","(1)blossom; (2)boil"
1453,"2417","開朗","kāilăng ","I","(VS)","open and clear, clear up"
1454,"2416","開明","kāimíng ","I","(VS)","enlightened, open-minded"
1457,"2421","開演","kāiyăn ","I","(VS)","begin (movie/business/etc.)"
1461,"1461","看不起","kànbùqĭ","I","(VS)","scorn, despise"
1462,"1466","看得起","kàndeqĭ","I","(VS)","think highly of"
1471,"0784","考取","kăoqŭ ","I","(VS)","pass entrance examination"
1477,"3456","可","kě ","I","(VS)","passable, pretty good, not bad"
1478,"0425","可靠","kěkào ","I","(VS)","reliable, trustworthy"
1479,"0424","可憐","kělián ","I","(VS)","have pity on, pity"
1480,"0418","可怕","kěpà ","I","(VS)","fearful, terrible"
1482,"2286","渴望","kěwàng ","I","(VS)","thirst/long for"
1483,"0423","可惡","kěwù ","I","(VS)","hateful, abominable"
1484,"0421","可惜","kěxí ","I","(VS)","unfortunate"
1485,"0422","可喜","kěxĭ","I","(VS)","gratifying, heartening"
1486,"0420","可笑","kěxiào ","I","(VS)","ridiculous, funny"
1489,"0851","克服","kèfú ","I","(VS)","surmount, conquer, put up with (hardship/etc.)"
1490,"1345","客觀","kèguān ","I","(VS)","objective"
1492,"1344","客滿","kèmăn ","I","(VS)","sold out, full house"
1494,"3032","課外","kèwài ","I","(VS)","extracurricular, outside class, after school"
1495,"1231","肯定","kěndìng ","I","(VS)","affirm, approve, regard as positive"
1511,"1221","空前","kōngqián ","I","(VS)","unprecedented"
1513,"1625","恐怖","kŏngbù","I","(VS)","fearful, horrible"
1515,"1218","空","kòng ","I","(VS)","free, with spare time"
1519,"2651","誇張","kuāzhāng ","I","(VS)","exaggerate, overstate"
1522,"2922","寬","kuān ","I","(VS)","wide, broad, generous, lenient, comfortably off, well-off, relax, relieve, extend"
1528,"2885","辣","là ","I","(VS)","sharp, spicy, biting (of smell/taste)"
1533,"1023","來不及","láibùjí ","I","(VS)","be too late to do sth."
1534,"1029","來得及","láidejí  ","I","(VS)","there's still time to do sth., be in time"
1541,"1025","來自","láizì  ","I","(VS)","come/stem/originate from"
1543,"3324","懶","lăn ","I","(VS)","indolent"
1544,"3325","懶得","lănde ","I","(VS)","not feel like (doing sth.), lethargic"
1545,"3395","爛","làn ","I","(VS)","mushy, sodden, mashed, rotten, decayed, fester, worn-out"
1548,"1672","浪費","làngfèi ","I","(VS)","waste, squander"
1549,"1673","浪漫","làngmàn ","I","(VS)","dissolute, debauched, romantic"
1551,"0969","牢","láo ","I","(VS)","firm, durable"
1565,"0779","老實","lăoshí ","I","(VS)","honest, frank, well-behaved, good, simple-minded, naive"
1569,"2974","樂","lè ","I","(VS)","happy, cheerful, be glad to, enjoy, be amused"
1570,"2979","樂觀","lèguān ","I","(VS)","be optimistic, be hopeful"
1573,"2975","樂意","lèyì ","I","(VS)","be willing, be ready to"
1576,"3365","類似","lèisì ","I","(VS)","similar"
1577,"0854","冷淡","lěngdàn ","I","(VS)","treat coldly, cold-shoulder, slight"
1578,"0856","冷靜","lěngjìng ","I","(VS)","sober, calm"
1584,"2046","理","lĭ","I","(VS)","take notice of, pay attention to"
1586,"2050","理解","lĭjiě ","I","(VS)","understand,comprehend"
1592,"2048","理想","lĭxiăng ","I","(VS)","perfect, ideal"
1596,"0858","利","lì ","I","(VS)","(1)do good to, benefit; (2)sharp, keen"
1599,"2917","厲害","lìhài ","I","(VS)","great"
1608,"2134","連","lián ","I","(VS)","join, link, connect"
1612,"2137","連接","liánjiē ","I","(VS)","join, link, connect"
1616,"2139","連續","liánxù ","I","(VS)","continuous, successive, running"
1620,"3419","戀愛","liànài ","I","(VS)","love, romantic attachment"
1622,"0980","良好","liánghăo ","I","(VS)","good, well"
1626,"3026","諒解","liàngjiě ","I","(VS)","understand, make allowance for"
1627,"0023","了","liăo ","I","(VS)","to understand, end,finish"
1628,"0024","了不起","liăobùqĭ","I","(VS)","amazing, terrific, extraordinary,marvelous"
1630,"2375","裂","liè ","I","(VS)","split, crack, divide up (profits), rend, rip open, sever (relationship)"
1632,"3238","臨","lín ","I","(VS)","be present"
1636,"3442","靈活","línghuó ","I","(VS)","nimble, agile, flexible, elastic"
1639,"2717","零下","língxià ","I","(VS)","subzero"
1645,"2896","領先","lĭngxiān ","I","(VS)","be in lead, lead (in competition)"
1648,"0365","令","lìng ","I","(VS)","make, cause"
1655,"1421","流利","liúlì ","I","(VS)","be reluctant to leave or part with, fluent"
1656,"1702","留念","liúniàn ","I","(VS)","accept/keep as a souvenir"
1658,"1420","流行","liúxíng ","I","(VS)","prevalent, popular, fashionable, in vogue, spread, rage (of contagious disease)"
1668,"2066","略","lüè ","I","(VS)","to ignore"
1685,"2628","落後","luòhòu  ","I","(VS)","fall/lay behind"
1686,"2629","落實","luòshí  ","I","(VS)","fix/decide in advance, ascertain, make sure, fulfill, implement, put into effect"
1687,"2627","落伍","luòwŭ  ","I","(VS)","straggle, drop out, be outdated"
1688,"2168","麻","má ","I","(VS)","benumbed, having tingling feeling, have pins and needles"
1690,"1823","馬虎","măhū ","I","(VS)","be careless/casual"
1698,"2805","滿","măn ","I","(VS)","reach limit, expire, be over"
1701,"2808","滿足","mănzú  ","I","(VS)","be satisfied/contented, satisfy, meet"
1704,"0718","忙碌","mánglù ","I","(VS)","be busy, bustle about"
1705,"1209","盲目","mángmù ","I","(VS)","blind"
1707,"0558","矛盾","máodùn ","I","(VS)","contradictory"
1712,"0965","沒辦法","méibànfă ","I","(VS)","can do nothing about it, can't help it"
1713,"0963","沒法子","méifázi ","I","(VS)","[informal]can do nothing about it, can't help it, helpless"
1718,"1489","美觀","měiguān ","I","(VS)","pleasing to the eye"
1719,"1486","美好","měihăo ","I","(VS)","fine, happy, glorious"
1720,"1487","美妙","měimiào ","I","(VS)","beautiful, splendid, wonderful"
1726,"2038","猛","měng ","I","(VS)","fierce, valiant, fearsome, severe"
1728,"2749","夢到","mèngdào ","I","(VS)","to dream"
1730,"1791","迷","mí ","I","(VS)","enchant, lose one's bearings"
1731,"1797","迷糊","míhú ","I","(VS)","confused, besotted, dazed"
1732,"1796","迷路","mílù ","I","(VS)","stray, estray, lose one's way, wilder, get lost"
1733,"1792","迷人","mírén ","I","(VS)","charming, enchanting"
1734,"1793","迷失","míshī ","I","(VS)","lose (one's way,etc.)"
1735,"1794","迷信","míxìn ","I","(VS)","have blind faith in, make fetish of"
1738,"1915","密","mì ","I","(VS)","secret, tight"
1741,"1916","密切","mìqiè ","I","(VS)","close, intimate"
1747,"0853","免費","miănfèi ","I","(VS)","be free of charge, gratis"
1748,"1323","勉強","miănqiăng ","I","(VS)","do with difficulty"
1753,"1539","面臨","miànlín ","I","(VS)","be faced with, be up against"
1759,"0890","妙","miào ","I","(VS)","wonderful, excellent, fine, ingenious, clever, subtle"
1760,"2559","滅亡","mièwáng ","I","(VS)","be destroyed, die out"
1763,"0516","民主","mínzhŭ ","I","(VS)","democratic"
1768,"1162","明","míng ","I","(VS)","bright, clear, distinct, open, obvious, overt"
1769,"1163","明白","míngbái ","I","(VS)","clear, obvious"
1772,"1165","明亮","míngliàng ","I","(VS)","well-lit, bright, shining"
1776,"1167","明確","míngquè ","I","(VS)","make clear/definite"
1778,"1168","明顯","míngxiăn ","I","(VS)","clear, obvious"
1787,"2973","模糊","móhú ","I","(VS)","blur, obscure, confuse"
1791,"1530","陌生","mòshēng ","I","(VS)","strange, unfamiliar"
1796,"1629","拿手","náshŏu ","I","(VS)","good at"
1797,"1592","哪怕","năpà ","I","(VS)","no matter how"
1801,"1492","耐用","nàiyòng ","I","(VS)","wear, lasting long, durable"
1804,"3361","難得","nándé ","I","(VS)","hard to come by, rare, seldom"
1808,"3359","難受","nánshòu ","I","(VS)","feel bad/ill/unwell/unhappy, suffer pain"
1818,"0191","內行","nèiháng ","I","(VS)","adept, professional"
1821,"1757","能","néng ","I","(VS)","can, be able to, be capable of"
1822,"1758","能幹","nénggàn ","I","(VS)","able-minded, competent"
1827,"3270","黏","nián ","I","(VS)","sticky, glutinous"
1835,"2752","寧可","níngkě ","I","(VS)","(would) rather, better"
1836,"2753","寧願","níngyuàn ","I","(VS)","(would) rather, better"
1840,"3126","濃","nóng ","I","(VS)","dense, thick, concentrated"
1843,"3127","濃厚","nónghòu  ","I","(VS)","dense, thick, strong, pronounced"
1849,"2545","暖","nuăn ","I","(VS)","warm, warm up"
1850,"2546","暖和","nuănhuo ","I","(VS)","warm, mild, sunny"
1868,"1468","盼望","pànwàng ","I","(VS)","long for, look forward to"
1882,"3140","膨脹","péngzhàng ","I","(VS)","expand, swell, inflate"
1894,"0551","皮","pí ","I","(VS)","naughty, mischievous"
1897,"1709","疲倦","píjuàn ","I","(VS)","tired and sleepy"
1898,"1710","疲勞","píláo ","I","(VS)","tired, weary"
1904,"1858","偏食","piānshí ","I","(VS)","be particular with food"
1905,"1857","偏向","piānxiàng ","I","(VS)","be partial to"
1907,"0323","片面","piànmiàn ","I","(VS)","unilateral, one-sided"
1911,"1388","拼命","pīnmìng ","I","(VS)","risk life, make death-defying effort"
1912,"2120","貧窮","pínqióng ","I","(VS)","poor, needy"
1918,"0480","平常","píngcháng ","I","(VS)","ordinary, common"
1919,"0481","平等","píngděng ","I","(VS)","equal"
1920,"0482","平衡","pínghéng ","I","(VS)","balance"
1921,"0483","平靜","píngjìng ","I","(VS)","calm, quiet, tranquil"
1922,"0477","平均","píngjūn ","I","(VS)","average"
1928,"1720","破爛","pòlàn ","I","(VS)","rubbishy, ragged, frazzle, broken"
1929,"1718","破裂","pòliè ","I","(VS)","burst, split, rupture"
1930,"1516","迫切","pòqiè ","I","(VS)","urgent, pressing, imperative"
1934,"2257","普遍","pŭpiàn ","I","(VS)","universal, general, widespread, common"
1935,"2254","普及","pŭjí ","I","(VS)","popularize, disseminate, spread"
1936,"2255","普通","pŭtōng ","I","(VS)","ordinary, common, average"
1943,"2903","齊","qí ","I","(VS)","(1)even, equal in length/height; (2)complete, prepared, together"
1949,"2904","齊全","qíquán ","I","(VS)","complete, all in readiness"
1951,"1182","歧視","qíshì ","I","(VS)","treat with bias, despise"
1958,"1783","起","qĭ","I","(VS)","start, rise, cause to rise"
1963,"1786","起火","qĭhuŏ","I","(VS)","fire breaking out"
1968,"1669","氣憤","qìfèn ","I","(VS)","angry, furious"
1985,"3245","謙虛","qiānxū ","I","(VS)","modest, unassuming"
1997,"1937","強","qiáng ","I","(VS)","strong, powerful, vigorous, better, slightly more than, plus"
1999,"1939","強大","qiángdà ","I","(VS)","big and powerful, formidable"
2003,"1942","強烈","qiángliè ","I","(VS)","strong, intense, violent"
2009,"0466","巧","qiăo","I","(VS)","clever, intelligent, skillful, ingenious, artful, deceiving, pretty, cute"
2010,"0467","巧妙","qiăomiào ","I","(VS)","ingenious, skillful, clever, shrewd"
2016,"3147","親切","qīnqiè","I","(VS)","cordial, genial, warm"
2022,"2476","勤勞","qínláo ","I","(VS)","industrious, hardworking"
2023,"1279","青","qīng ","I","(VS)","nature's color, green, blue, greenish black"
2027,"2024","清楚","qīngchŭ ","I","(VS)","understand clearly"
2028,"2884","輕鬆","qīngsōng  ","I","(VS)","light, relaxed"
2029,"2883","輕傷","qīngshāng  ","I","(VS)","minor wound"
2031,"2023","清晰","qīngxī  ","I","(VS)","distinct, clear (of sound/view)"
2032,"2025","清醒","qīngxĭng  ","I","(VS)","be sober/wide-awake"
2033,"2467","傾向","qīngxiàng ","I","(VS)","be inclined to, side with, prefer"
2039,"3003","窮","qióng ","I","(VS)","poor, impoverished, exhausted, hard-pressed"
2051,"0748","曲折","qūzhé ","I","(VS)","tortuous, complicated"
2061,"0417","去世","qùshì ","I","(VS)","die, pass away"
2065,"0595","全面","quánmiàn ","I","(VS)","omnibearing"
2071,"1749","缺","quē ","I","(VS)","be short of, lack"
2073,"1751","缺乏","quēfá ","I","(VS)","be short of, lack"
2074,"1750","缺少","quēshăo ","I","(VS)","lack, be short of"
2075,"1752","缺席","quēxí ","I","(VS)","be absent (from meeting/etc.)"
2076,"2999","確定","quèdìng ","I","(VS)","decide firmly, settle, determine, fix, define"
2078,"3000","確實","quèshí ","I","(VS)","definitely true/real/certain/reliable"
2088,"2519","惹","rě ","I","(VS)","cause (sth.) to happen"
2090,"2993","熱愛","rèài ","I","(VS)","love ardently"
2091,"2990","熱烈","rèliè ","I","(VS)","ardent"
2092,"2989","熱門","rèmén ","I","(VS)","in great demand,popular"
2094,"2992","熱情","rèqíng ","I","(VS)","enthusiastic"
2095,"2988","熱心","rèxīn ","I","(VS)","warm-heartedness"
2113,"0911","忍","rěn ","I","(VS)","bear, endure, hold back, forbear"
2114,"0912","忍不住","rěnbúzhù ","I","(VS)","can't bear, can't help but do something"
2115,"0915","忍耐","rěnnài ","I","(VS)","endure, put up with"
2116,"0914","忍受","rěnshòu ","I","(VS)","endure, bear"
2117,"0913","忍心","rěnxīn ","I","(VS)","have the heart to"
2118,"0576","任","rèn ","I","(VS)","allow "
2121,"0578","任性","rènxìng ","I","(VS)","self-willed"
2124,"0295","日常","rìcháng ","I","(VS)","usual, ordinary, daily"
2128,"1606","容","róng ","I","(VS)","contain"
2129,"3144","融化","rónghuà ","I","(VS)","melt (of snow/ice/etc.)"
2130,"2789","榮幸","róngxìng ","I","(VS)","pleasure"
2134,"0697","如此","rúcĭ","I","(VS)","thus, like this, such"
2136,"0698","如何","rúhé ","I","(VS)","how"
2140,"0694","如下","rúxià ","I","(VS)","as follows"
2141,"0701","如意","rúyì ","I","(VS)","as one wishes"
2145,"2121","軟","ruăn ","I","(VS)","soft, weak, pliant, poor in quality"
2146,"1624","弱","ruò ","I","(VS)","weak, feeble, inferior, young, a bit less than"
2152,"2253","散","sàn","I","(VS)","break up"
2153,"2191","喪失","sàngshī ","I","(VS)","lose"
2162,"2475","傻","shă ","I","(VS)","stupid, muddleheaded, stunned, silly"
2168,"2365","善於","shànyú ","I","(VS)","be good at, be adept in"
2170,"2470","傷","shāng ","I","(VS)","injure, wound, fall ill from, damage, harm"
2171,"2471","傷","shāng ","I","(VS)","to hurt, wound, harm"
2176,"2474","傷腦筋","shāngnăojīn ","I","(VS)","troublesome, bothersome, knotty"
2179,"2472","傷心","shāngxīn ","I","(VS)","be sad/grieved"
2183,"0068","上當","shàngdàng ","I","(VS)","be taken in, be fooled"
2187,"0063","上市","shàngshì ","I","(VS)","go/appear on market"
2200,"1993","捨不得","shěbùdé ","I","(VS)","hate to use or part with, grudge, begrudge"
2201,"1994","捨得","shědé ","I","(VS)","be willing to give up or away"
2215,"2033","深刻","shēnkè ","I","(VS)","deep, profound"
2218,"2032","深入","shēnrù ","I","(VS)","thorough, deep-going"
2224,"1730","神秘","shénmì ","I","(VS)","mysterious, mystical"
2225,"1728","神奇","shénqí ","I","(VS)","magical, mystical, miraculous"
2226,"1729","神氣","shénqì ","I","(VS)","spirited, vigorous, cocky, overweening, triumphant"
2227,"1732","神聖","shénshèng ","I","(VS)","sacred, holy"
2232,"2522","慎重","shènzhòng ","I","(VS)","cautious, discreet"
2235,"0528","生","shēng ","I","(VS)","unripe, green, raw, uncooked, unprocessed, crude, unfamiliar, strange, stiff, mechanical"
2237,"0529","生存","shēngcún ","I","(VS)","live, exist"
2238,"0533","生動","shēngdòng ","I","(VS)","lively, vivid"
2239,"0227","升高","shēnggāo ","I","(VS)","go up, ascend, rise"
2240,"0226","升級","shēngjí ","I","(VS)","upgrade, go up (in grade/etc.), escalate"
2244,"0532","生長","shēngzhăng ","I","(VS)","grow, develop"
2246,"1442","省","shěng ","I","(VS)","thrifty, frugal, economical"
2247,"1443","省","shěng ","I","(VS)","save, economize, omit, leave"
2249,"1445","省錢","shěngqián ","I","(VS)","save money, be economical"
2250,"2184","勝","shèng ","I","(VS)","win victory, succeed, surpass,excel"
2251,"2185","勝利","shènglì ","I","(VS)","win victory/success"
2252,"2180","剩下","shèngxià ","I","(VS)","be left (over), remain"
2253,"2560","溼","shī ","I","(VS)","wet"
2254,"3210","濕","shī ","I","(VS)","wet"
2256,"0460","失敗","shībài ","I","(VS)","be defeated, fail, lose"
2257,"0459","失掉","shīdiào ","I","(VS)","lose, miss"
2261,"0463","失戀","shīliàn ","I","(VS)","lovelorn, be jilted, lose one's love"
2262,"0458","失眠","shīmián ","I","(VS)","sleepless, suffer from insomnia"
2264,"0457","失去","shīqù ","I","(VS)","lose"
2266,"0461","失望","shīwàng ","I","(VS)","become disappointed, lose (hope/faith)"
2267,"0462","失業","shīyè ","I","(VS)","lose one's job, be out of work"
2273,"2762","實際","shíjì ","I","(VS)","practical, literal"
2284,"2755","實用","shíyòng ","I","(VS)","practical, pragmatic, functional"
2286,"2757","實在","shízài ","I","(VS)","true, real, honest, dependable"
2287,"1016","使","shĭ","I","(VS)","have sb. do sth., make, cause,e nable"
2288,"1017","使得","shĭde ","I","(VS)","make, cause"
2292,"3053","適當","shìdàng ","I","(VS)","suitable, proper"
2295,"3052","適合","shìhé ","I","(VS)","suit, fit"
2298,"0471","市立","shìlì ","I","(VS)","city-established, municipal"
2309,"3054","適應","shìyìng ","I","(VS)","suit, adapt, fit, get used to"
2310,"3051","適用","shìyòng ","I","(VS)","suit, be applicable"
2329,"1066","受","shòu ","I","(VS)","experience, be subjected to"
2330,"1067","受不了","shòubùliăo  ","I","(VS)","be unable to endure"
2331,"1068","受到","shòudào  ","I","(VS)","be given"
2332,"1069","受得了","shòudeliăo  ","I","(VS)","stand up to"
2334,"1070","受傷","shòushāng  ","I","(VS)","be injured/wounded"
2338,"2068","疏忽","shūhū ","I","(VS)","ignore, neglect"
2341,"2367","舒適","shūshì ","I","(VS)","comfortable, cozy"
2342,"2983","熟","shú ","I","(VS)","familiar, skilled, experienced"
2343,"2986","熟練","shúliàn ","I","(VS)","skilled, practiced, proficient"
2346,"2985","熟悉","shúxī ","I","(VS)","know sth./sb. well"
2365,"1349","帥","shuài ","I","(VS)","command (army)"
2367,"3314","雙","shuāng ","I","(VS)","two, twin, both, dual"
2376,"2820","睡著","shuìzháo ","I","(VS)","fall asleep"
2377,"2440","順","shùn ","I","(VS)","obey, follow, submit to"
2378,"2439","順","shùn ","I","(VS)","smooth-going, plain sailing, arrange, put in order"
2381,"2442","順利","shùnlì ","I","(VS)","smooth, successful, without a hitch"
2382,"2441","順手","shùnshŏu ","I","(VS)","smoothly, easily, without extra trouble"
2391,"0974","私立","sīlì ","I","(VS)","privately run, private"
2396,"0761","死亡","sĭwáng ","I","(VS)","be dead/doomed"
2405,"3320","鬆","sōng ","I","(VS)","loose, slack, not hard up, light and flaky, soft"
2407,"1308","俗","sú ","I","(VS)","vulgar, common"
2412,"2834","算了","suànle ","I","(VS)","Forget about it., That's enough!"
2416,"3171","隨","suí ","I","(VS)","follow"
2418,"3173","隨意","suíyì  ","I","(VS)","as one pleases"
2419,"2594","碎","suì ","I","(VS)","broken, fragmentary, garrulous, gabby"
2423,"2528","損失","sŭnshī ","I","(VS)","loss"
2427,"3221","縮水","suōshuĭ","I","(VS)","contract, shrink, withdraw, recoil"
2431,"1132","所謂","suŏwèi  ","I","(VS)","so-called"
2432,"2483","塌","tā ","I","(VS)","collapse, droop, settle down"
2443,"3131","燙","tàng ","I","(VS)","(1)scald, burn, warm in hot water; (2)iron, press; (3)have one's hair permed"
2449,"2031","淘氣","táoqì ","I","(VS)","naughty"
2459,"1697","特殊","tèshū ","I","(VS)","exceptional, special, particular, peculiar, distinctive"
2469,"2245","提早","tízăo ","I","(VS)","in advance"
2470,"3434","體會","tĭhuì ","I","(VS)","know/learn from experience, try to realize (another's situation)"
2472,"3433","體貼","tĭtiē ","I","(VS)","be considerate, be thoughtful"
2477,"0253","天然","tiānrán ","I","(VS)","natural"
2481,"0251","天真","tiānzhēn ","I","(VS)","naive, innocent"
2502,"1843","停電","tíngdiàn ","I","(VS)","cut power"
2504,"1633","挺","tĭng ","I","(VS)","erect, firm"
2512,"3179","頭痛","tóutòng  ","I","(VS)","have a headache"
2516,"2146","透","tòu ","I","(VS)","thorough"
2517,"2147","透","tòu ","I","(VS)","penetrate, seep through"
2519,"2128","通","tōng ","I","(VS)","understand thoroughly, master"
2525,"0615","同","tóng ","I","(VS)","same, similar "
2527,"0617","同","tóng ","I","(VS)","be same as"
2530,"0622","同情","tóngqíng  ","I","(VS)","sympathize with"
2535,"2082","統一","tǒngyī  ","I","(VS)","unify, unite, integrate"
2537,"2306","痛快","tòngkuài ","I","(VS)","joyful, delighted, to one's heart's content, forthright"
2538,"0975","禿","tū ","I","(VS)","bald, devoid of hair, leaves or trees"
2539,"1474","突出","túchū ","I","(VS)","outstanding"
2540,"1475","突出","túchū ","I","(VS)","give prominence to, stress"
2550,"2741","團結","tuánjié ","I","(VS)","unite, rally"
2552,"2742","團圓","tuányuán ","I","(VS)","reunion"
2560,"1803","退步","tuìbù ","I","(VS)","degenerate, backslide, regress, decline, step backward, retrogress"
2563,"1801","退休","tuìxiū ","I","(VS)","to retire, to go into retirement, to step down"
2569,"0892","妥善","tuŏshàn ","I","(VS)","appropriate, proper"
2572,"1332","哇","wā ","I","(VS)","particle: formed by linking syllable ending in u-sound and the final particle a"
2575,"1414","歪","wāi ","I","(VS)","askew, crooked, inclined, devious, underhand"
2580,"0449","外行","wàiháng ","I","(VS)","unprofessional"
2587,"3407","彎","wān ","I","(VS)","bent, curved, crooked"
2589,"0894","完畢","wánbì ","I","(VS)","finish, complete"
2591,"0895","完善","wánshàn ","I","(VS)","perfect, consummate"
2593,"0896","完整","wánzhěng ","I","(VS)","complete, integrated, intact"
2604,"2848","維持","wéichí ","I","(VS)","keep, preserve"
2605,"2693","違反","wéifăn ","I","(VS)","violate, transgress, infringe"
2608,"1432","為難","wéinán ","I","(VS)","create difficulties (for sb.), be in a quandary"
2611,"1880","唯一","wéiyī ","I","(VS)","only, sole"
2612,"1431","為主","wéizhŭ ","I","(VS)","give first place to"
2614,"1852","偉大","wěidà ","I","(VS)","great, mighty"
2619,"0507","未婚","wèihūn ","I","(VS)","unmarried, single"
2622,"3021","衛生","wèishēng ","I","(VS)","hygienic"
2629,"2563","溫暖","wēnnuăn ","I","(VS)","warm, warm up"
2630,"2562","溫柔","wēnróu ","I","(VS)","gentle and soft"
2639,"3328","穩","wěn ","I","(VS)","firm, stable, steady, staid, sedate"
2640,"3329","穩定","wěndìng ","I","(VS)","stable, steady"
2647,"2291","無","wú ","I","(VS)","not have, there is not"
2649,"2292","無可奈何","wúkěnàihé ","I","(VS)","have no alternative"
2652,"2296","無情","wúqíng ","I","(VS)","merciless, ruthless"
2653,"2299","無窮","wúqióng ","I","(VS)","infinite, endless, inexhaustible"
2654,"2293","無所謂","wúsuŏwèi ","I","(VS)","be indifferent, not matter"
2656,"2295","無限","wúxiàn ","I","(VS)","infinite, limitless"
2657,"2297","無意","wúyì ","I","(VS)","have no intention to"
2667,"2870","誤","wù ","I","(VS)","harm, injure, miss (due to delay)"
2668,"2873","誤點","wùdiăn ","I","(VS)","overdue, be late, be behind schedule, behind schedule, lose, late, delay"
2669,"2871","誤會","wùhuì ","I","(VS)","misunderstand, mistake"
2681,"3396","犧牲","xīshēng ","I","(VS)","sacrifice oneself, die martyr's death, do sth. at the expense of self or sb. else"
2685,"0877","吸引","xīyĭn ","I","(VS)","attract, draw, fascinate"
2688,"2190","喜愛","xĭài ","I","(VS)","like, love, be fond of"
2698,"2085","細小","xìxiăo  ","I","(VS)","tiny"
2699,"2086","細心","xìxīn  ","I","(VS)","careful, attentive"
2700,"2997","瞎","xiā ","I","(VS)","become blind, become tangled (of thread/etc.)"
2703,"3192","嚇","xià ","I","(VS)","frighten, scare, intimidate"
2712,"3193","嚇一跳","xiàyítiào  ","I","(VS)","startle, start"
2714,"3265","鮮","xiān ","I","(VS)","fresh, new, bright-colored, bright, delicious, tasty"
2717,"0594","先進","xiānjìn ","I","(VS)","advance"
2720,"2425","閒","xián ","I","(VS)","not busy, unoccupied, not in use, idle"
2721,"2485","嫌","xián ","I","(VS)","dislike, mind"
2722,"3390","鹹","xián ","I","(VS)","salty"
2723,"3426","顯得","xiănde ","I","(VS)","seem, look, appear"
2725,"3425","顯示","xiănshì ","I","(VS)","show, display, demonstrate, manifest"
2726,"3428","顯著","xiănzhù ","I","(VS)","notable, marked, striking, remarkable, outstanding"
2730,"2055","現成","xiànchéng ","I","(VS)","ready-made"
2731,"2054","現代","xiàndài ","I","(VS)","modern"
2732,"2614","羨慕","xiànmù ","I","(VS)","admire, envy"
2733,"2059","現實","xiànshí ","I","(VS)","reality, actuality"
2743,"1453","相當","xiāngdāng ","I","(VS)","correspond to, be equal to, match, balance"
2744,"1454","相對","xiāngduì ","I","(VS)","be opposite, be face to face"
2745,"1448","相反","xiāngfăn ","I","(VS)","opposite, contrary, reverse"
2746,"1459","相關","xiāngguān ","I","(VS)","be interrelated"
2749,"1457","相親相愛","xiāngqīnxiāngài ","I","(VS)","intimate, fond of each other"
2750,"1451","相似","xiāngsì ","I","(VS)","resemble, be similar/alike"
2752,"1450","相同","xiāngtóng ","I","(VS)","be identical/alike"
2753,"2647","詳細","xiángxì ","I","(VS)","detailed, minute"
2756,"2509","想念","xiăngniàn ","I","(VS)","remember with longing, miss"
2757,"1011","享受","xiăngshòu ","I","(VS)","enjoy"
2759,"2511","想像","xiăngxiàng ","I","(VS)","imagine, fancy, visualize"
2761,"1010","享有","xiăngyŏu ","I","(VS)","enjoy (right/etc.)"
2771,"1674","消","xiāo ","I","(VS)","disappear,vanish"
2777,"1682","消極","xiāojí ","I","(VS)","negative, passive, inactive"
2785,"3116","曉得","xiăode ","I","(VS)","know"
2788,"0119","小氣","xiăoqì ","I","(VS)","stingy"
2795,"0893","孝順","xiàoshùn ","I","(VS)","show filial obedience"
2799,"2011","斜","xié ","I","(VS)","oblique, inclined, tilted"
2805,"3248","謝","xiè ","I","(VS)","thank"
2811,"1180","欣賞","xīnshăng ","I","(VS)","appreciate, enjoy, admire"
2813,"2538","新式","xīnshì ","I","(VS)","new-style"
2816,"2541","新鮮","xīnxiān ","I","(VS)","fresh"
2820,"1286","信任","xìnrèn ","I","(VS)","trust, have confidence in"
2822,"1288","信仰","xìnyăng ","I","(VS)","believe"
2824,"3141","興奮","xīngfèn ","I","(VS)","excited"
2838,"3163","醒來","xĭnglái ","I","(VS)","wake up"
2840,"1111","幸福","xìngfú ","I","(VS)","happy"
2844,"1110","幸運","xìngyùn ","I","(VS)","very fortunate, lucky"
2846,"0593","兇","xiōng ","I","(VS)","fiendish, ferocious, murderous, ruffianize"
2848,"2430","雄偉","xióngwěi ","I","(VS)","imposing, magnificent"
2855,"2892","需","xū ","I","(VS)","need, want, require"
2882,"0999","迅速","xùnsù ","I","(VS)","rapid, speedy, prompt"
2892,"3373","嚴","yán ","I","(VS)","tight, strict, rigorous"
2895,"3374","嚴格","yángé ","I","(VS)","strict, rigorous"
2896,"3375","嚴肅","yánsù ","I","(VS)","serious, solemn"
2908,"2734","厭惡","yànwù ","I","(VS)","detest,be disgusted with"
2911,"3380","癢","yăng ","I","(VS)","tickle, itch"
2926,"1503","要命","yàomìng ","I","(VS)","darned, kill, drive sb. to death"
2929,"2155","野","yě ","I","(VS)","wild, undomesticated"
2937,"2553","業餘","yèyú ","I","(VS)","amateur"
2960,"0010","一致","yízhì ","I","(VS)","identical, unanimous"
2977,"1161","易","yì ","I","(VS)","easy"
2978,"0014","一般","yìbān ","I","(VS)","generally"
2993,"2494","意外","yìwài ","I","(VS)","accident, mishap"
3012,"3201","應該","yīnggāi ","I","(VS)","right, proper"
3013,"1498","英俊","yīngjùn ","I","(VS)","handsome"
3016,"3388","贏得","yíngdé ","I","(VS)","win, gain"
3018,"3212","營養","yíngyăng ","I","(VS)","nutritive, alimental"
3025,"2331","硬","yìng ","I","(VS)","hard, stiff, firm, tough, obstinate"
3030,"3186","優惠","yōuhuì ","I","(VS)","give preferential/special treatment"
3031,"3184","優良","yōuliáng ","I","(VS)","fine, good"
3032,"3185","優美","yōuměi ","I","(VS)","graceful, exquisite"
3033,"1350","幽默","yōumò ","I","(VS)","humor"
3034,"3183","優秀","yōuxiù ","I","(VS)","outstanding, excellent"
3035,"3187","優越","yōuyuè ","I","(VS)","superior, outstanding"
3046,"0756","有關","yŏuguān ","I","(VS)","be related"
3047,"0229","友好","yŏuhăo ","I","(VS)","friendly, amicable"
3048,"0749","有力","yŏulì ","I","(VS)","strong, forceful, powerful"
3049,"0750","有利","yŏulì ","I","(VS)","be advantageous/beneficial"
3051,"0753","有效","yŏuxiào ","I","(VS)","efficacious, effective, valid"
3056,"1322","勇敢","yŏnggăn ","I","(VS)","brave, courageous"
3058,"3100","擁擠","yōngjĭ ","I","(VS)","crowded, pushed and squeezed together"
3060,"3098","擁有","yŏngyŏu ","I","(VS)","possess, have, own"
3063,"0541","用得著","yòngdezháo","I","(VS)",
3066,"0535","用力","yònglì ","I","(VS)","exert self (physically)"
3068,"0537","用心","yòngxīn ","I","(VS)","be diligent/attentive"
3069,"2235","愉快","yúkuài ","I","(VS)","be happy, be cheerful"
3078,"2694","遇","yù ","I","(VS)","meet, encounter, treat, receive"
3086,"2544","暈","yūn ","I","(VS)","faint"
3093,"1575","冤枉","yuānwăng ","I","(VS)","treat unjustly"
3097,"1583","原來","yuánlái ","I","(VS)","original"
3100,"2481","圓滿","yuánmăn ","I","(VS)","satisfactory"
3101,"1584","原始","yuánshĭ ","I","(VS)","original, firsthand, primeval, primitive"
3107,"2887","遠大","yuăndà ","I","(VS)","great"
3108,"3366","願","yuàn ","I","(VS)","wish, desire"
3123,"3312","雜","zá ","I","(VS)","mix, mingle"
3130,"0674","在乎","zàihū ","I","(VS)","care about, mind"
3132,"0676","在意","zàiyì ","I","(VS)","pay attention to"
3133,"0675","在於","zàiyú ","I","(VS)","be at/in/on, depend on, rest with"
3135,"3351","贊成","zànchéng ","I","(VS)","approve, endorse, assist"
3138,"3218","糟","zāo ","I","(VS)","rotten, spoiled (lit./fig.)"
3139,"3055","遭到","zāodào ","I","(VS)","meet with, encounter"
3140,"3219","糟糕","zāogāo ","I","(VS)","What a mess! ; Too bad!"
3141,"3056","遭受","zāoshòu ","I","(VS)","suffer"
3159,"2921","增長","zēngzhăng ","I","(VS)","become longer"
3163,"1741","窄","zhăi ","I","(VS)","narrow, petty, hard up"
3170,"0412","占/佔","zhàn ","I","(VS)","constitute, make up, account for"
3173,"0413","占/佔有","zhànyŏu ","I","(VS)","own, have, occupy, hold"
3178,"1265","長","zhăng ","I","(VS)","(1) older, elder, eldest, senior; (2) grow, grow up, increase"
3179,"2810","漲","zhăng ","I","(VS)","rise, go up (of water/prices/etc.)"
3180,"2811","漲價","zhăngjià ","I","(VS)","rise in price"
3191,"2577","照常","zhàocháng ","I","(VS)","as usual"
3202,"2126","這樣子","zhèyàngzi ","I","(VS)","like this"
3207,"1436","珍貴","zhēnguì ","I","(VS)","valuable, precious"
3209,"1716","真實","zhēnshí ","I","(VS)","true, real, authentic, factual"
3212,"1711","真心","zhēnxīn ","I","(VS)","true heart, sincerity"
3225,"3110","整","zhěng ","I","(VS)","put in order, arrange, consolidate, repair, mend, do, to teach a lesson, punish"
3228,"3115","整潔","zhěngjié ","I","(VS)","clean and tidy, neat"
3231,"0508","正","zhèng ","I","(VS)","straight, upright, central, honest, just, unbiased"
3236,"0511","正好","zhènghăo ","I","(VS)","just right, at the right moment"
3239,"0515","正經","zhèngjīng ","I","(VS)","serious"
3245,"0513","正式","zhèngshì ","I","(VS)","formal (of actions/speeches/etc.)"
3249,"1214","知","zhī ","I","(VS)","know, realize, sense, inform, notify"
3261,"1559","值","zhí ","I","(VS)","(1) be worth; (2) happen"
3265,"1212","直接","zhíjiē ","I","(VS)","direct, immediate"
3273,"0437","止","zhĭ","I","(VS)","stop"
3298,"0171","中","zhōng ","I","(VS)","[aspect] (used after a verb to indicate continuity) in the course of, in the process of"
3306,"2620","腫","zhŏng ","I","(VS)","swell"
3310,"0172","中","zhōng ","I","(VS)","hit (target), attain, be hit by, pass an exam"
3311,"1519","重","zhòng ","I","(VS)","value, put emphasis/stress on"
3312,"1520","重大","zhòngdà ","I","(VS)","great, weighty, major, significant"
3314,"0175","中毒","zhòngdú ","I","(VS)","poison, taint, be poisoned"
3316,"1524","重傷","zhòngshāng ","I","(VS)","severely injured"
3318,"1522","重視","zhòngshì ","I","(VS)","attach importance to, take sth. seriously, value"
3323,"1079","周到","zhōudào ","I","(VS)","thoughtful"
3329,"0334","主動","zhŭdòng ","I","(VS)","on one's own initiative"
3331,"0341","主觀","zhŭguān ","I","(VS)","subjective"
3344,"2371","著名","zhùmíng ","I","(VS)","famous, celebrated"
3352,"1920","專門","zhuānmén ","I","(VS)","professional"
3353,"1921","專門","zhuānmén ","I","(VS)","special, specialized"
3355,"1918","專心","zhuānxīn ","I","(VS)","be absorbed in, concentrate effort"
3356,"1923","專業","zhuānyè ","I","(VS)","special field of research, specialty, discipline"
3358,"3297","轉","zhuăn ","I","(VS)","turn, revolve, rotate"
3360,"3304","轉變","zhuănbiàn ","I","(VS)","change, transform"
3369,"0888","壯","zhuàng ","I","(VS)","strong, robust, sturdy, magnificent"
3375,"2566","準","zhŭn ","I","(VS)","accurate, exact"
3378,"2568","準確","zhŭnquè ","I","(VS)","accurate, exact, precise"
3379,"2567","準時","zhŭnshí ","I","(VS)","punctually"
3387,"2363","紫","zĭ ","I","(VS)","purpleness, purple, empurpled"
3389,"0357","仔細","zĭxì ","I","(VS)","be careful"
3391,"0798","自動","zìdòng ","I","(VS)","automatic"
3395,"0801","自然","zìrán ","I","(VS)","natural, free from affectation"
3397,"0795","自私","zìsī ","I","(VS)","selfish, self-centered"
3400,"0797","自信","zìxìn ","I","(VS)","be self-confident"
3402,"0803","自願","zìyuàn ","I","(VS)","act voluntarily"
3403,"0792","自在","zìzài ","I","(VS)","free, unrestrained"
3404,"0791","自主","zìzhŭ ","I","(VS)","be one's own master, take initiative"
3412,"2841","綜合","zònghé ","I","(VS)","synthetical, comprehensive, multiple, composite"
3418,"0990","足","zú ","I","(VS)","sufficient"
3419,"0991","足以","zúyĭ ","I","(VS)","sufficient/enough to"
3431,"3059","醉","zuì ","I","(VS)","tipsy, intoxicated, inebriate, drunk"
3434,"2175","最佳","zuìjiā ","I","(VS)","optimum, best, first-rate"
3436,"2220","尊敬","zūnjìng ","I","(VS)","respect, honor, esteem"
3437,"3157","遵守","zūnshŏu ","I","(VS)","observe, abide by"
3438,"2219","尊重","zūnzhòng ","I","(VS)","respect, value, esteem"
5,"1225","矮","ăi ","B","(VS)","short (of stature), low"
6,"1197","愛","ài ","B","(VS)","to love / be apt to"
8,"0433","安靜","ānjìng ","B","(VS)","to be quiet, calm, peaceful"
11,"0429","安全","ānquán ","B","(VS)","to be safe, secure"
19,"0337","白","bái ","B","(VS)","white"
37,"1098","棒","bàng ","B","(VS)","good; fine; excellent, great!"
42,"1289","飽","băo ","B","(VS)","to be full (after eating)"
44,"0651","抱歉","bàoqiàn ","B","(VS)","be sorry/apologetic"
57,"1026","笨","bèn ","B","(VS)","stupid, dull, clumsy, awkward, cumbersome"
67,"1020","畢業","bìyè ","B","(VS)","to graduate from a school"
70,"1540","變","biàn ","B","(VS)","become, change into; to perform"
74,"1543","變化","biànhuà ","B","(VS)","to change, vary"
90,"0892","病","bìng ","B","(VS)","to becme ill, to be sick"
93,"0127","不錯","búcuò ","B","(VS)","to be not bad, pretty good"
96,"0120","不見(了)","bújiàn(le) ","B","(VS)","disappear, be lost"
97,"0121","不客氣","búkèqì ","B","(VS)","you're welcome"
99,"0123","不要緊","búyàojǐn ","B","(VS)","unimportant, never mind"
104,"0124","不得了","bùdéliăo ","B","(VS)","to be extremely, to be exceedingly"
108,"0117","不好意思","bùhăoyìsi ","B","(VS)","to feel embarrassed; to be ill at ease"
111,"0111","不少","bùshăo ","B","(VS)","a lot of"
113,"0116","不同","bùtóng ","B","(VS)","different"
114,"0118","不行","bùxíng ","B","(VS)","be not permitted"
131,"1468","聰明","cōngmíng ","B","(VS)","to be intelligent"
136,"1438","錯","cuò ","B","(VS)","to be wrong / mistake"
142,"0859","差","chà","B","(VS)","(1)inferior, poor; (2)be short, lack"
143,"0861","差不多","chàbùduō ","B","(VS)","be similar to, be about the same…"
146,"0698","長","cháng ","B","(VS)","long"
159,"0443","成功","chénggōng ","B","(VS)","succeed"
161,"1252","誠實","chéngshí ","B","(VS)","honest"
165,"1436","遲到","chídào ","B","(VS)","to be/come/arrive late"
168,"0911","臭","chòu ","B","(VS)","foul, stinking, malodorous"
174,"0248","出現","chūxiàn ","B","(VS)","to appear, to arise, to emerge"
192,"0077","大","dà ","B","(VS)","to be big, to be large"
199,"0086","大聲","dàshēng ","B","(VS)","loud"
208,"1413","擔心","dānxīn ","B","(VS)","to worry, feel anxious"
209,"1007","淡","dàn ","B","(VS)","(1)tasteless, weak, thin, light, pale; (2)indifferent, trivial, dull"
232,"0974","得","dé ","B","(VS)","to get, take (sick)"
233,"0976","得到","dédào ","B","(VS)","succeed in obtaining, gain, receive"
239,"0498","低","dī ","B","(VS)","to be low"
268,"0987","掉","diào ","B","(VS)","to fall,  to drop, to lose"
270,"0350","丟2","diū ","B","(VS)","lose, misplace"
276,"1455","懂","dǒng ","B","(VS)","to understand"
285,"1121","短","duăn ","B","(VS)","to be short"
289,"1297","對","duì ","B","(VS)","to be right, correct"
291,"1300","對不起","duìbùqǐ ","B","(VS)","I'm sorry; Excuse me"
293,"1299","對了","duìle ","B","(VS)","(1)That's it; (2)by the way"
296,"0404","多","duō ","B","(VS)","many, much, more, more than the correct/required number, excessive, too much, much/far more"
303,"1406","餓","è ","B","(VS)","to be hungry"
311,"1120","發燒","fāshāo ","B","(VS)","to be under an attack of fever"
312,"1116","發生","fāshēng ","B","(VS)","to happen, to occur, take place"
317,"0193","方便","fāngbiàn ","B","(VS)","to be convenient"
328,"0655","放假","fàngjià ","B","(VS)","to have a holiday, vacation"
329,"0654","放心","fàngxīn ","B","(VS)","to be at ease, not worry"
341,"1494","豐富","fēngfù ","B","(VS)","rich, abundant, plentiful"
349,"0814","負責","fùzé ","B","(VS)","be responsible for, be in charge of"
351,"1250","該","gāi ","B","(VS)","be sb.'s turn to do sth."
355,"0935","乾","gān ","B","(VS)","to be dry"
356,"0936","乾淨","gānjìng ","B","(VS)","to be clean"
357,"1088","敢","găn ","B","(VS)","to dare"
359,"1194","感覺","gănjué ","B","(VS)","to feel, to perceive, to become aware of"
361,"1191","感冒","gănmào ","B","(VS)","to have a cold; cold, flu"
362,"1192","感謝","gănxiè ","B","(VS)","to thank, to be grateful"
366,"0933","高","gāo ","B","(VS)","to be tall, to be high"
367,"0934","高興","gāoxìng ","B","(VS)","to be happy"
387,"0150","公共","gōnggòng ","B","(VS)","public, common, communal"
396,"0862","恭喜","gōngxǐ ","B","(VS)","to congratulate"
405,"0965","夠","gòu ","B","(VS)","be enough/sufficient/adequate"
409,"0589","乖","guāi ","B","(VS)","well-behaved"
410,"0636","怪","guài ","B","(VS)","to be strange, to be queer, to be unusual"
412,"1511","關","guān ","B","(VS)","to concern, implicate"
414,"1512","關心","guānxīn ","B","(VS)","be concerned about"
418,"1144","貴","guì ","B","(VS)","to be expensive"
419,"1145","貴姓","guìxìng ","B","(VS)","What's your last name?"
437,"0852","害怕","hàipà ","B","(VS)","be afraid/ scared"
444,"0411","好","hăo ","B","(VS)","to be good/ well"
445,"0415","好吃","hăochī ","B","(VS)","to be fond of eating"
449,"0413","好久","hăojiŭ ","B","(VS)","for a long time"
450,"0414","好久不見","hăojiŭbújiàn ","B","(VS)","long time no see"
451,"0419","好看","hăokàn ","B","(VS)","to be good-looking"
453,"0423","好聽","hăotīng  ","B","(VS)","to be pleasant to listen to, pleasing to the ear, nice sounding "
456,"0418","好玩(兒)","hăowán(ér) ","B","(VS)","to be interesting, to be full of fun"
465,"0381","合作","hézuò ","B","(VS)","to cooperate, to collaborate, to work together"
466,"1178","黑","hēi ","B","(VS)","to be black, to be dark"
474,"0791","紅","hóng ","B","(VS)","to be red"
484,"0688","花","huā ","B","(VS)","flowery, florid, profligate"
492,"1507","壞","huài ","B","(VS)","to be bad"
493,"1532","歡迎","huānyíng ","B","(VS)","welcome"
497,"1176","黃","huáng ","B","(VS)"," to be yellow"
508,"1207","會","huì ","B","(VS)","can,be able to, be good at, be skillful in"
511,"0771","活","huó ","B","(VS)","to be alive; to be nimble"
525,"0746","急","jí ","B","(VS)","to be anxious, rushing"
528,"1457","擠","jǐ ","B","(VS)","crowede, crammed, packed"
531,"0916","記","jì ","B","(VS)","to remember, bear in mind, commit to memory"
534,"0918","記得","jìdé ","B","(VS)","to remember"
545,"0939","假","jiă ","B","(VS)","to be false, fake, a sham, phony"
549,"1491","簡單","jiăndān ","B","(VS)","to be simple, uncomplicated"
552,"0944","健康","jiànkāng ","B","(VS)","to be healthy, in good physical condition; health"
572,"0275","叫","jiào ","B","(VS)","let, make"
586,"1131","結束","jiéshù ","B","(VS)","to end, close, conclude"
599,"1322","緊","jǐn ","B","(VS)","tight, taut"
600,"1323","緊張","jǐnzhāng ","B","(VS)","to be nervous, to be tense"
601,"0696","近","jìn ","B","(VS)","to be near"
603,"1155","進步","jìnbù ","B","(VS)","progress; to improve"
614,"0066","久","jiŭ ","B","(VS)","to be a long time"
617,"1492","舊","jiù ","B","(VS)","to be old, to be used"
625,"1522","覺得","juéde ","B","(VS)","to feel, to think, to consider"
633,"1167","開花","kāihuā ","B","(VS)","to flower, to bloom, to blossom"
636,"1165","開始","kāishǐ ","B","(VS)","to start, to begin"
639,"1161","開心","kāixīn ","B","(VS)","feel happy, rejoice"
640,"1169","開學","kāixué ","B","(VS)","start school, begin term"
655,"0786","科學","kēxué ","B","(VS)","scientific"
657,"1105","渴","kě ","B","(VS)","to be thirsty"
660,"0270","可愛","kěài ","B","(VS)","to be lovable, likeable, adorable, cute"
666,"0266","可以","kěyǐ ","B","(VS)","passable, pretty good, not bad"
671,"0733","客氣","kèqì ","B","(VS)","to be polite"
675,"0686","肯","kěn ","B","(VS)","to be willing to"
680,"0683","空","kōng ","B","(VS)","to beempty"
684,"0802","苦","kŭ ","B","(VS)","bitter"
688,"0527","快","kuài ","B","(VS)","to be fast"
690,"0530","快樂","kuàilè ","B","(VS)","happy, cheerful"
693,"0513","困難","kùnnán ","B","(VS)","difficult"
698,"1493","藍","lán ","B","(VS)","blue/ to be blue"
700,"0472","老","lăo ","B","(VS)","old, aged"
706,"1029","累","lèi ","B","(VS)","to be tired"
707,"0500","冷","lěng ","B","(VS)","to be cold"
729,"1005","涼","liáng ","B","(VS)","to be cool"
730,"1006","涼快","liángkuài ","B","(VS)","to be (pleasantly) cool"
732,"0711","亮","liàng ","B","(VS)","to be sunny, to be bright"
736,"0022","了解","liăojiě ","B","(VS)","to understand, to comprehend"
752,"1321","綠","lǜ","B","(VS)"," to be green"
757,"1180","亂","luàn ","B","(VS)","to be messy"
761,"1065","麻煩","máfán ","B","(VS)","to trouble"
769,"1313","滿","măn ","B","(VS)","to be full"
770,"1314","滿意","mănyì ","B","(VS)","satisfied, pleased"
771,"1304","慢","màn ","B","(VS)","to be slow; slowly"
772,"1306","慢慢","mànmàn ","B","(VS)","slowly; gradually"
774,"0441","忙","máng ","B","(VS)","to be busy"
782,"0549","沒","méi ","B","(VS)","not have, there is not, be without"
783,"0558","沒錯","méicuò ","B","(VS)","I' m quite sure"
784,"0559","沒關係","méiguānxì ","B","(VS)","no problem, never mind, it doesn' t matter"
785,"0550","沒什麼","méishéme ","B","(VS)","nothing important; not bad; it is nothing to"
786,"0555","沒事(兒)","méishì(ér) ","B","(VS)","nothing important or exciting; all right"
787,"0556","沒問題","méiwèntí ","B","(VS)","No problem"
788,"0557","沒意思","méiyìsi ","B","(VS)","boring"
791,"0554","沒有","méiyǒu ","B","(VS)","not have, there is not"
792,"0551","沒用","méiyòng ","B","(VS)","useless"
794,"0796","美","měi ","B","(VS)","to be beautiful"
795,"0797","美麗","měilì ","B","(VS)","beautiful"
806,"0657","明白","míngbái ","B","(VS)","to understand, to know, to realize"
835,"0585","那樣","nàyàng ","B","(VS)","such, so, in that case"
840,"1514","難","nán ","B","(VS)","to be difficult"
844,"1516","難過","nánguò ","B","(VS)","to be sad, to be distressed"
846,"1515","難看","nánkàn ","B","(VS)","ugly"
865,"0440","年輕","niánqīng","B","(VS)","to be young"
880,"0507","努力","nŭlì ","B","(VS)","make great effort, try hard"
881,"1205","暖和","nuănhuo ","B","(VS)","to be warm"
884,"0637","怕","pà ","B","(VS)","to fear"
890,"0798","胖","pàng ","B","(VS)","to be fat"
898,"0718","便宜","piányí ","B","(VS)","to be cheap"
901,"0307","平","píng ","B","(VS)","flat, level "
902,"0308","平安","píngān ","B","(VS)","safe and sound"
907,"1309","漂亮","piàoliàng ","B","(VS)","to be beautiful, to be pretty"
908,"0900","破","pò ","B","(VS)","to be broken"
912,"0619","奇怪","qíguài ","B","(VS)","to be strange, to be queer, to be unusual"
919,"0881","氣","qì ","B","(VS)","anger, get angry"
931,"1008","淺","qiăn ","B","(VS)","(1)shallow; easy, simple; (2)superficial; (3)light (of color)"
937,"1341","輕","qīng ","B","(VS)","to be light"
938,"1009","清","qīng ","B","(VS)","pure, clear "
940,"1010","清楚","qīngchŭ ","B","(VS)","to be clear"
942,"1090","晴","qíng ","B","(VS)","fine, clear, fair"
963,"1546","讓","ràng ","B","(VS)","used in a passive sentence structure to introduce the agent; to let, to allow, to permit , to make"
964,"1376","熱","rè ","B","(VS)","to be hot"
966,"1379","熱鬧","rènào ","B","(VS)","to be lively, to be fun, to be bustling with noise"
975,"1334","認得","rèndé ","B","(VS)","to know (as in to recognize)"
977,"1335","認識","rènshì ","B","(VS)","to recognize, to realize"
979,"1333","認真","rènzhēn ","B","(VS)","to be conscientious, earnest, serious"
986,"0858","容易","róngyì ","B","(VS)","to be easy"
993,"0466","死","sǐ ","B","(VS)","to die"
997,"1343","酸","suān ","B","(VS)","to be sour"
1000,"1444","隨便","suíbiàn ","B","(VS)","whatever, wherever, whenever, do as one please"
1023,"0173","少","shăo ","B","(VS)","few, less"
1024,"0174","少","shăo ","B","(VS)","be deficient, (of things) to be missing"
1028,"1011","深","shēn ","B","(VS)","(1)to be  deep; (2)profound or difficult (for); (3)(of colors) dark or deep"
1033,"0333","生病","shēngbìng ","B","(VS)","to become ill, to be sick"
1036,"0332","生氣","shēngqì ","B","(VS)","to be angry;  to take offense"
1042,"1073","剩","shèng ","B","(VS)","to be left over; to remain"
1066,"1380","瘦","shòu ","B","(VS)","to be thin"
1071,"1136","舒服","shūfú ","B","(VS)","comfortable"
1074,"1375","熟","shóu ","B","(VS)","ripe, cooked, done, deep (sleep, thoughts, etc.)"
1110,"0919","討厭","tăoyàn ","B","(VS)","to loathe, to dislike, to have a dislike of, to take an aversion to"
1112,"0887","特別","tèbié ","B","(VS)","to be special"
1113,"0894","疼","téng ","B","(VS)","to be ache, to be in pain, to be sore"
1114,"0895","疼","téng ","B","(VS)","to love dearly"
1124,"1018","甜","tián ","B","(VS)","to be sweet"
1133,"0937","停","tíng ","B","(VS)","to stop"
1135,"1050","通","tōng ","B","(VS)","unimpeded, unblocked"
1142,"0371","同意","tóngyì ","B","(VS)","to agree, to consent, to approve"
1143,"0372","同樣","tóngyàng ","B","(VS)","same, equal, similar"
1145,"1113","痛","tòng ","B","(VS)","to be painful"
1146,"1114","痛苦","tòngkŭ ","B","(VS)","be painful"
1167,"0517","完","wán","B","(VS)","to finish, to complete (something)"
1171,"0997","晚","wăn ","B","(VS)","to be late"
1173,"0999","晚安","wănān ","B","(VS)","good night"
1181,"0525","忘","wàng ","B","(VS)","to forget"
1182,"0526","忘記","wàngjì ","B","(VS)","to forget"
1183,"0368","危險","wéixiăn ","B","(VS)","dangerous, perilous"
1185,"1075","喂","wèi ","B","(VS)","hello, hey"
1202,"1106","無聊","wúliáo ","B","(VS)","to be bored ; to be boring and uninteresting; to be a nuisance; to be nonsensical"
1210,"0520","希望","xīwàng ","B","(VS)","to hope, to wish"
1213,"1031","習慣","xíguàn ","B","(VS)","be accustomed/used to"
1215,"1076","喜歡","xǐhuān ","B","(VS)","to like"
1219,"1028","細","xì ","B","(VS)","to be fine, delicate"
1226,"0053","下課","xiàkè ","B","(VS)","to get out of class, end of class"
1239,"0828","香","xiāng ","B","(VS)","to be scented, to be fragrant"
1241,"0776","相信","xiāngxìn ","B","(VS)","to believe (in); to trust"
1244,"1531","響","xiăng ","B","(VS)","to make a sound; loud"
1249,"0093","小","xiăo ","B","(VS)","small, little, petty, minor; young"
1256,"0094","小心","xiăoxīn ","B","(VS)","to take care, be careful"
1268,"1474","謝謝","xièxie ","B","(VS)","to thanks, to thank you"
1270,"1202","新","xīn ","B","(VS)","to be new"
1271,"0577","辛苦","xīnkŭ ","B","(VS)","hard, toilsome, painstaking"
1276,"0713","信","xìn ","B","(VS)","to trust; to believe"
1285,"0484","行","xíng ","B","(VS)","to be OK, to be permitted"
1292,"1345","需要","xūyào ","B","(VS)","to need, to demand"
1314,"0810","要緊","yàojǐn ","B","(VS)","important, essential, critical, serious"
1321,"1518","嚴重","yánzhòng ","B","(VS)","serious, grave, critical"
1345,"0013","一樣","yíyàng ","B","(VS)","same, equal, similar"
1364,"1060","陰","yīn ","B","(VS)","(of weather) overcast"
1385,"0459","有空","yǒukòng ","B","(VS)","have time (to do sth.)"
1386,"0457","有名","yǒumíng ","B","(VS)","well-known, famous"
1387,"0462","有錢","yǒuqián ","B","(VS)","be rich/wealthy"
1388,"0461","有趣","yǒuqù ","B","(VS)","interesting, fascinating, amusing"
1390,"0460","有意思","yǒuyìsi","B","(VS)","to be interesting"
1391,"0456","有用","yǒuyòng ","B","(VS)","to be useful"
1399,"0336","用功","yònggōng ","B","(VS)","to be studious, industrious, to be hard working"
1417,"1183","圓","yuán ","B","(VS)","to be round, to be circular"
1420,"0839","原諒","yuánliàng ","B","(VS)","to excuse, to forgive, to pardon"
1422,"1342","遠","yuăn ","B","(VS)","to be far from"
1423,"1517","願意","yuànyì ","B","(VS)","be willing"
1435,"1539","髒","zāng ","B","(VS)","to be dirty"
1436,"0447","早","zăo ","B","(VS)","to be early"
1437,"0449","早安","zăoān ","B","(VS)","good morning"
1443,"0750","怎麼辦","zěnmebàn ","B","(VS)","What now ?"
1444,"0748","怎麼了","zěnmele ","B","(VS)","what's wrong?"
1445,"0749","怎麼樣","zěnmeyàng ","B","(VS)","How about…… ? How's everything ?"
1447,"1355","增加","zēngjiā ","B","(VS)","to increase; to raise; to add; to step up"
1453,"0481","自由","zìyóu ","B","(VS)","free, unrestrained"
1483,"0699","長","zhăng ","B","(VS)",
1484,"0700","長大","zhăngdà ","B","(VS)","to grow; to grow up"
1485,"1138","著急","zhāojí ","B","(VS)","to be nervous, anxious"
1502,"1048","這樣","zhèyàng ","B","(VS)","such, this kind"
1504,"0897","真","zhēn ","B","(VS)","real, true"
1506,"0899","真正","zhēnzhèng ","B","(VS)","genuine, true, real"
1507,"1414","整齊","zhěngqí ","B","(VS)","in good order, neat, tidy"
1509,"0322","正常","zhèngcháng ","B","(VS)","normal, regular"
1510,"0323","正確","zhèngquè ","B","(VS)","correct, right, proper"
1515,"0682","知道","zhīdào ","B","(VS)","to know"
1516,"0681","直","zhí ","B","(VS)","(1)straight, vertical; (2)just, righteous, honest, frank, forthright, stiff, numb"
1517,"0829","值得","zhídé ","B","(VS)","to be worth while, worth (doing something)"
1536,"0816","重","zhòng ","B","(VS)","(1)heavy, weighty; (2)serious; (3)strong, considerable in amount/value"
1537,"0817","重要","zhòngyào ","B","(VS)","to be important, to be vital"
1544,"0229","主要","zhŭyào ","B","(VS)","main, chief, principal, major"
1548,"0670","注意","zhùyì ","B","(VS)","to pay attention to, to take notice of "
1,"1387","挨","āi ","A","(VS)","get close to,be next to,follow in sequence or along designated route/direction"
2,"2119","愛戴","àidài ","A","(VS)","love and respect"
3,"2117","愛國","àiguó ","A","(VS)","love one's country,patriotic"
6,"0539","安撫","ānfŭ ","A","(VS)","placate,pacify"
7,"0538","安寧","ānníng ","A","(VS)","peaceful,tranquil,calm,composed,free from worry"
8,"0536","安詳","ānxiáng ","A","(VS)","leisurely, unhurried"
16,"0932","昂貴","ángguì ","A","(VS)","expensive,costly"
17,"2099","奧妙","àomiào ","A","(VS)","profound,subtle"
18,"2593","懊惱","àonăo ","A","(VS)","vexed,upset,displeased,annoyed"
40,"2897","寶貝","băobèi ","A","(VS)","treasure,love dearly"
42,"2299","飽和","băohé ","A","(VS)","satiate,saturate"
44,"2300","飽滿","băomăn ","A","(VS)","full,wax"
48,"1065","保險","băoxiăn ","A","(VS)","safe; secure "
49,"1061","保佑","băoyòu ","A","(VS)","bless and protect"
50,"1063","保重","băozhòng ","A","(VS)","take care of oneself"
54,"2854","爆發","bàofā ","A","(VS)","erupt, burst/break out"
60,"2477","暴力","bàolì ","A","(VS)","violent"
65,"1902","悲哀","bēiāi ","A","(VS)","grieved,sorrowful"
66,"1903","悲觀","bēiguān ","A","(VS)","pessimistic"
79,"1608","崩潰","bēngkuì ","A","(VS)","collapse,fall apart"
91,"0371","必備","bìbèi ","A","(VS)","essential"
93,"1826","閉幕","bìmù ","A","(VS)","the curtain falls,conclude,lower the curtain,curtain falls,close"
97,"1825","閉塞","bìsè ","A","(VS)","constipate,congest,clog,clog up,choke,stop up,foul,choke off,obturate,close up,back up,oppilate"
108,"2027","貶","biăn ","A","(VS)","demote, relegate, reduce, devalue, censure, depreciate"
110,"2028","貶值","biănzhí ","A","(VS)","devalue,devaluate,depreciate"
116,"2964","變遷","biànqiān ","A","(VS)","vicissitudinary,change"
120,"2961","變形","biànxíng ","A","(VS)","be out of shape,become deformed"
137,"0780","並重","bìngzhòng ","A","(VS)","lay equal stress on,pay equal attention to"
141,"0958","波及","bōjí  ","A","(VS)","affect,spread to"
146,"0099","不便","búbiàn ","A","(VS)","inconvenient,inappropriate"
148,"0086","不力","búlì ","A","(VS)","not to do one's best; not to exert oneself "
151,"0096","不肖","búxiào ","A","(VS)","[Formal] unworthy; good-for-nothing  "
152,"0110","不懈","búxiè ","A","(VS)","persevere, be untiring"
155,"0092","不再","búzài ","A","(VS)","not happen/exist anymore"
162,"0088","不凡","bùfán ","A","(VS)","extraordinary, unusual,distinguished, uncommon "
164,"0098","不法","bùfă ","A","(VS)","lawless,illegal"
165,"0097","不服","bùfú ","A","(VS)","refuse to obey"
166,"0089","不公","bùgōng ","A","(VS)","unfair"
168,"0090","不及","bùjí ","A","(VS)","not as good as, inferior to"
169,"0109","不禁","bùjīn","A","(VS)","can't help (doing sth.)"
170,"0107","不堪","bùkān","A","(VS)","can't bear/stand"
176,"0106","不惜","bùxí ","A","(VS)","not stint,not hesitate (to do sth.)"
179,"1714","猜忌","cāijì ","A","(VS)","be suspicious and jealous"
195,"1946","殘暴","cánbào ","A","(VS)","cruel"
196,"1945","殘酷","cánkù ","A","(VS)","brutal,ruthless"
198,"2339","慘重","cănzhòng ","A","(VS)","heavy,grievous, disastrous"
199,"2722","燦爛","cànlàn ","A","(VS)","magnificent,splendid,resplendent"
200,"2408","蒼白","cāngbái ","A","(VS)","pale,pallid,wan"
205,"1492","草率","căoshuài ","A","(VS)","hurry,slur,careless"
211,"2112","慈善","císhàn ","A","(VS)","benevolent,philanthropic"
219,"0569","次要","cìyào ","A","(VS)","less important, secondary, subordinate, minor"
220,"0316","匆忙","cōngmáng ","A","(VS)","in a hurry,hastily"
221,"1622","從容","cōngróng","A","(VS)","calm,unhurried,leisurely"
223,"1951","湊巧","còuqiăo ","A","(VS)","by luck,by chance"
224,"1747","粗糙","cūcāo ","A","(VS)","coarse,rough,crude"
225,"1746","粗魯","cūlŭ ","A","(VS)","ill-mannered"
227,"1068","促成","cùchéng ","A","(VS)","facilitate,effect"
228,"1069","促使","cùshǐ ","A","(VS)","impel,urge,spur"
234,"1482","脆弱","cuìruò ","A","(VS)","fragile,frail,weak"
243,"2329","察覺","chájué ","A","(VS)","realize,be aware"
246,"2993","饞","chán ","A","(VS)","greedy; gluttonous,very fond of (good) food "
247,"2492","潺潺","chánchán ","A","(VS)","bable,purl,murmur"
250,"1719","猖獗","chāngjué ","A","(VS)","rage,run wild,be rampant"
252,"1033","長遠","chángyuăn ","A","(VS)","long-term,long-range"
257,"2347","暢銷","chàngxiāo ","A","(VS)","sell well"
258,"2030","超速","chāosù ","A","(VS)","exceed speed limit"
259,"2029","超脫","chāotuō ","A","(VS)","1.unconventional; original, 2.to be detached; to stand aloof; to keep aloof "
266,"0738","沉默","chénmò ","A","(VS)","reticent,taciturn,silent"
269,"0737","沉重","chénzhòng ","A","(VS)","heavy,serious"
273,"1298","乘","chéng ","A","(VS)","multiply"
274,"0664","呈","chéng ","A","(VS)","render,submit"
287,"2232","誠心誠意","chéngxīnchéngyì  ","A","(VS)","sincere"
290,"2233","誠摯","chéngzhì ","A","(VS)","sincere"
292,"0502","吃驚","chījīng ","A","(VS)","be startled/shocked/amazed"
293,"0501","吃苦","chīkŭ ","A","(VS)","bear hardship,suffer hardships,bear hardships"
294,"0500","吃力","chīlì ","A","(VS)","entail strenuous effort,be a strain"
296,"2667","遲鈍","chídùn ","A","(VS)","torpify,constipate,obtuse,opaque,rust"
297,"1138","持久","chíjiŭ ","A","(VS)","lasting,protracted"
298,"1139","持平","chípíng ","A","(VS)","be equalized"
299,"1140","持續","chíxù ","A","(VS)","continue,persist"
302,"0284","充斥","chōngchì ","A","(VS)","congest,be full of"
304,"2524","衝動","chōngdòng ","A","(VS)","get excited,be impetuous"
306,"2465","憧憬","chōngjǐng ","A","(VS)","long for,look forward to"
307,"0742","沖天","chōngtiān ","A","(VS)","to soar,rocket"
309,"0285","充裕","chōngyù ","A","(VS)","abundant; ample; plentiful"
310,"1272","重疊","chóngdié ","A","(VS)","overlap,superpose"
311,"1607","崇尚","chóngshàng ","A","(VS)","uphold, advocate"
312,"2846","寵愛","chǒngài ","A","(VS)","dote on"
315,"0904","抽象","chōuxiàng ","A","(VS)","abstract"
320,"2187","稠密","chóumì ","A","(VS)","close-woven;dense"
321,"0298","出超","chūchāo ","A","(VS)","export surplus,favourable balance of trade,favorable balance of trade"
322,"0301","出錯","chūcuò ","A","(VS)","go wrong,goof,make a mistake,make a goof,blunder,make mistakes,make a blunder,err"
324,"0292","出局","chūjú ","A","(VS)","out of game"
330,"0290","出名","chūmíng ","A","(VS)","famous,well-known"
335,"0302","出頭","chūtóu ","A","(VS)","det.: a litter over"
336,"0303","出頭","chūtóu ","A","(VS)","(1)free oneself (from misery, persecution, etc.);(2)lift one's head,appear in public,come forward"
337,"0287","出土","chūtŭ ","A","(VS)","be  unearthed, come  out  of  the  ground"
339,"0291","出血","chūxiě ","A","(VS)","bleed"
349,"1770","處於","chŭyú ","A","(VS)","be (in a certain condition)"
355,"2078","傳奇","chuánqí ","A","(VS)","legendary,mythical"
356,"2079","傳神","chuánshén ","A","(VS)","conveying the true spirit of the subject portrayed"
370,"1094","垂直","chuízhí ","A","(VS)","perpendicular,vertical"
372,"2258","達","dá ","A","(VS)","reach"
389,"0063","大致","dàzhì ","A","(VS)","rough"
390,"0663","呆","dāi ","A","(VS)","silly,foolish,idiotic,maladroit,blank"
396,"1124","怠慢","dàimàn ","A","(VS)","slight, neglect a guest"
403,"1865","單親","dānqīn ","A","(VS)","single parent"
414,"2172","當心","dāngxīn ","A","(VS)","beware"
419,"1304","倒楣","dăoméi ","A","(VS)","be out of luck,be unlucky"
423,"2589","導致","dăozhì ","A","(VS)","lead to,bring about,result in,cause"
426,"2255","道地","dàodì ","A","(VS)","genuine"
427,"0821","到期","dàoqí ","A","(VS)","become due,run out,fall,expiration,due,expire,be due,mature"
437,"1981","等候","děnghòu ","A","(VS)","wait,await,expect"
438,"1982","等價","děngjià ","A","(VS)","of equal value; equal in value "
458,"0815","典雅","diănyă ","A","(VS)","refined,elegant (of diction)"
462,"1628","惦記","diànjì ","A","(VS)","remember with concern, worry about"
468,"1323","凋零","diāolíng ","A","(VS)","wither, fall, and scatter about"
486,"1560","動亂","dòngluàn ","A","(VS)","turmoil,upheaval,disturbance"
493,"1530","陡","dǒu ","A","(VS)","steep,precipitous"
498,"2635","獨到","dúdào ","A","(VS)","special, distinguished"
504,"1591","堵塞","dŭsè ","A","(VS)","block up"
508,"2379","端正","duānzhèng ","A","(VS)","rectify"
509,"1976","短缺","duănquē ","A","(VS)","be deficient,miss"
510,"1977","短暫","duănzhàn ","A","(VS)","of short duration,brief"
516,"2332","對照","duìzhào ","A","(VS)","contrast,compare"
517,"2331","對峙","duìzhì ","A","(VS)","face-off"
524,"0518","多元","duōyuán ","A","(VS)","multiple"
528,"2844","額外","éwài ","A","(VS)","extra,added,additional"
529,"1898","惡","è ","A","(VS)","evil,wicked,vicious"
530,"1899","惡化","èhuà ","A","(VS)","worsen"
531,"1900","惡性","èxìng ","A","(VS)","viciousness,malignancy"
536,"1375","恩愛","ēnài ","A","(VS)","love, devotion, affection"
542,"1974","發瘋","fāfēng ","A","(VS)","go crazy,be out of one's mind,flip,go mad,lunatic,mad,become insane"
545,"1971","發炎","fāyán ","A","(VS)","inflammation"
546,"1970","發育","fāyù ","A","(VS)","grow,develop"
547,"1969","發作","fāzuò","A","(VS)","break out,show effect,have fit of anger,flare up"
548,"0963","法定","fădìng ","A","(VS)","legal,statutory"
555,"2820","翻臉","fānliăn ","A","(VS)","suddenly turn hostile,quarrel,fall out"
559,"2743","繁多","fánduō ","A","(VS)","various"
561,"2744","繁忙","fánmáng ","A","(VS)","busy"
565,"0185","反射","fănshè ","A","(VS)","reflect"
575,"0224","方正","fāngzhèng ","A","(VS)","upright and foursquare"
579,"0773","防水","fángshuǐ ","A","(VS)","watertight,waterproof,rainproof,be waterproof"
586,"0924","放蕩","fàngdàng ","A","(VS)","dissolute,loose,dissipate"
589,"0919","放任","fàngrèn ","A","(VS)","not interfere, let alone"
590,"0925","放鬆","fàngsōng ","A","(VS)","relax,slacken,loosen"
594,"1045","非凡","fēifán ","A","(VS)","outstanding,extraordinary,uncommon"
601,"2023","費力","fèilì ","A","(VS)","need great effort,be strenuous"
603,"0967","沸騰","fèiténg ","A","(VS)","boil"
617,"0171","分離","fēnlí ","A","(VS)","dispart,detach;break up (couple/lover etc.)"
618,"0166","分裂","fēnliè ","A","(VS)","split,break up,divide"
621,"0159","分享","fēnxiăng ","A","(VS)","share (joy/rights/etc.),partake of"
624,"1470","粉紅","fěnhóng ","A","(VS)","pink"
630,"1110","封閉","fēngbì ","A","(VS)","resistant to anything new"
634,"1282","風光","fēngguāng ","A","(VS)","grand;beautiful, lovely"
639,"2827","豐盛","fēngshèng ","A","(VS)","rich,sumptuous"
640,"2826","豐收","fēngshōu ","A","(VS)","bumper harvest"
643,"1283","風行","fēngxíng","A","(VS)","be in fashion,be popular"
650,"2517","膚淺","fūqiăn ","A","(VS)","superficial"
661,"2401","腐爛","fŭlàn ","A","(VS)","putrescence,putridity,corruption,decay,decomposition,blet,putrefaction"
662,"2400","腐蝕","fŭshí ","A","(VS)","corrode, corrupt"
664,"2399","腐朽","fŭxiŭ ","A","(VS)","molder,moulder,rust"
667,"1262","負","fù ","A","(VS)","(1)carry on back/shoulder,bear,shoulder/bear (responsibility),owe (money);(2)betray,abandon,go against"
670,"1883","富","fù ","A","(VS)","be rich in,be full of"
675,"1896","復甦","fùsū ","A","(VS)","resuscitate,recover"
676,"1884","富有","fùyǒu ","A","(VS)","be rich/wealthy"
677,"1885","富有","fùyǒu ","A","(VS)","be rich in,be full of"
679,"1895","復原","fùyuán ","A","(VS)","recover from an illness,restore,rehabilitate"
680,"2226","該死","gāisǐ ","A","(VS)","deserve death, Damn it!"
682,"0723","改觀","găiguān ","A","(VS)","transfigure,have new outlook,change the face of,change appearance"
687,"2148","概括","gàiguā ","A","(VS)","summarize, generalize"
692,"1537","乾燥","gānzào ","A","(VS)","dry,arid"
694,"2114","感恩","gănēn ","A","(VS)","feel grateful,be thankful"
698,"1325","剛強","gāngqiáng ","A","(VS)","firmly"
724,"0727","更動","gēngdòng ","A","(VS)","change,alter"
736,"1370","恭敬","gōngjìng ","A","(VS)","respectful"
738,"0312","功利","gōnglì ","A","(VS)","utilitarian"
749,"2563","鞏固","gǒnggù ","A","(VS)","consolidate,strengthen,solidify"
750,"0465","共產","gòngchăn ","A","(VS)","communist"
758,"0868","孤獨","gūdú ","A","(VS)","lonely,solitary"
760,"2033","辜負","gūfù ","A","(VS)","disappoint, let down, fail to live up to"
762,"0866","孤立","gūlì ","A","(VS)","isolated"
766,"0327","古怪","gŭguài ","A","(VS)","quaint; eccentric"
777,"0851","固有","gùyǒu ","A","(VS)","intrinsic,inherent,innate"
778,"0852","固執","gùzhí ","A","(VS)","obstinate,stubborn,persist in,cling to"
788,"2878","關懷","guānhuái ","A","(VS)","show loving care/concern for"
791,"2873","關切","guānqiè  ","A","(VS)","be deeply concerned"
795,"2874","關係","guānxì ","A","(VS)","concern,affect,to matter"
796,"2876","關照","guānzhào ","A","(VS)","look after"
803,"1788","貫徹","guànchè ","A","(VS)","carry out,implement"
807,"0455","光滑","guānghuá ","A","(VS)","sleek"
808,"0456","光輝","guānghuī ","A","(VS)","brilliant,magnificent"
811,"2803","歸","guī ","A","(VS)","put in sb.'s charge,belong"
815,"1775","規矩","guījŭ ","A","(VS)","well-behaved,gentleman-like,honest"
817,"1773","規則","guīzé ","A","(VS)","regular,fixed"
822,"1577","國產","guóchăn ","A","(VS)","make domestically"
826,"1579","國營","guóyíng ","A","(VS)","state operated/run"
827,"0944","果斷","guǒduàn ","A","(VS)","determined,resolute"
832,"2266","過量","guòliàng ","A","(VS)","overkill,overrun,overdo"
833,"2265","過敏","guòmǐn ","A","(VS)","have allergy"
835,"2261","過人","guòrén ","A","(VS)","excel,surpass,surpass others"
837,"2268","過癮","guòyǐn ","A","(VS)","satisfy craving,enjoy oneself to the fullest"
838,"2264","過重","guòzhòng ","A","(VS)","overbalance"
851,"0524","好受","hăoshòu ","A","(VS)","pleasurable, comfortable, feeling good"
853,"0525","好學","hàoxué ","A","(VS)","be fond of learning,be eager to learn"
860,"0841","和睦","hémù ","A","(VS)","harmony; concord; amicability"
863,"0843","和諧","héxié ","A","(VS)","harmonious,concordant"
864,"0499","合意","héyì ","A","(VS)","be to one's liking,pleasing,be to one's taste,suit"
866,"0627","何在","hézài ","A","(VS)","where?,what place?"
871,"1205","狠","hěn ","A","(VS)","malicious"
872,"1206","狠心","hěnxīn ","A","(VS)","cruel"
873,"1335","哼","hēng ","A","(VS)","inj.: humph!"
877,"2932","轟動","hōngdòng ","A","(VS)","make a sensation,stir"
878,"2933","轟轟烈烈","hōnghōnglièliè ","A","(VS)","astounding"
882,"0685","宏偉","hóngwěi ","A","(VS)","magnificent,grand"
889,"0995","狐疑","húyí ","A","(VS)","be suspicious"
891,"0130","互補","hùbŭ ","A","(VS)","help each other, complement"
892,"0129","互惠","hùhuì ","A","(VS)","reciprocity"
899,"0474","划不來","huábùlái ","A","(VS)","not worthwhile,not to one's advantage"
906,"2304","劃時代","huàshídài ","A","(VS)","epoch-making,epochal"
908,"2847","懷","huái ","A","(VS)","think of,cherish,conceive (a child)"
909,"2848","懷念","huáiniàn ","A","(VS)","cherish memory of,think of"
910,"2849","懷疑","huáiyí","A","(VS)","suspect,doubt"
912,"1623","患","huàn ","A","(VS)","contract (an illness)"
916,"1490","荒唐","huāngtáng ","A","(VS)","1.absurd; fantastic; preposterous 2.dissipated; loose; intemperate"
917,"2121","慌張","huāngzhāng ","A","(VS)","hurry,hustle,nervous,flustered,fidget,fluster,flurried"
918,"1906","惶恐","huángkǒng ","A","(VS)","terrified"
919,"1129","恍惚","huănghū ","A","(VS)","illusory, elusive"
922,"2548","輝煌","huīhuáng ","A","(VS)","brilliant,glorious"
925,"0505","回升","huíshēng ","A","(VS)","rise again (after a fall),pick up"
928,"1376","悔恨","huǐhèn ","A","(VS)","regret deeply"
937,"2139","會意","huìyì ","A","(VS)","understand, comprehend, know"
938,"0937","昏","hūn ","A","(VS)","faint,swoon,dizzy,syncope"
940,"1698","混","hùn ","A","(VS)","fool/play around together"
941,"1699","混淆","hùnyáo ","A","(VS)","blur,confuse,mix up"
942,"1700","混濁","hùnzhuó ","A","(VS)","turbid,muddy"
944,"1189","活期","huóqí ","A","(VS)","current"
950,"2724","獲","huò ","A","(VS)","obtain,win,reap,capture,catch"
952,"2775","豁達","huòdá ","A","(VS)","open-minded"
954,"2639","積","jī","A","(VS)","amass,store up,accumulate"
957,"2620","機動","jīdòng ","A","(VS)","power-driven,motorized,flexible,in reserve for emergency use,mobile"
959,"1531","飢餓","jīè ","A","(VS)","starve"
961,"2624","機警","jījǐng ","A","(VS)","alert"
965,"2177","畸形","jīxíng","A","(VS)","(1) deformity; (2) abnormal"
968,"2628","激增","jīzēng ","A","(VS)","increase sharply,soar"
973,"2100","嫉妒","jídù ","A","(VS)","be jealous of,envy,hate"
974,"2144","極端","jíduān ","A","(VS)","extremeness"
981,"0477","吉利","jílì ","A","(VS)","lucky, auspicious,good fortune"
984,"2069","集權","jíquán ","A","(VS)","centralization"
990,"0478","吉祥","jíxiáng ","A","(VS)","auspicious"
992,"1127","急躁","jízào ","A","(VS)","anxious,tingle"
1008,"0308","加快","jiākuài ","A","(VS)","speed up,accelerate"
1016,"0680","夾雜","jiázá ","A","(VS)","be mixed up or mingled with"
1027,"0540","尖端","jiānduān ","A","(VS)","most advanced,sophisticated"
1028,"1581","堅固","jiāngù ","A","(VS)","firm,solid,sturdy"
1029,"2764","艱鉅","jiānjù ","A","(VS)","herculean (task), difficult to surmount"
1030,"2763","艱苦","jiānkŭ ","A","(VS)","arduous"
1031,"2765","艱難","jiānnán ","A","(VS)","difficult,hard"
1032,"1580","堅忍","jiānrěn ","A","(VS)","steadfast and persevering (in face of difficulties),long-suffering"
1034,"1582","堅信","jiānxìn ","A","(VS)","believe firmly"
1035,"1583","堅硬","jiānyìng ","A","(VS)","hard and solid,firm,rigid,stiff,stony"
1037,"2812","簡便","jiănbiàn ","A","(VS)","be efficient and convenient"
1039,"2811","簡化","jiănhuà ","A","(VS)","simplify"
1043,"2539","賤","jiàn ","A","(VS)","cheap, inexpensive, worthless;lowly, humble;despicable"
1052,"1546","健壯","jiànzhuàng ","A","(VS)","be healthy and strong,beefy,robust,sturdy"
1055,"2771","講理","jiănglǐ ","A","(VS)","argue,reason,be reasonable,reasonable,listen to reason,argument"
1062,"0443","交錯","jiāocuò ","A","(VS)","interlock,crisscross"
1065,"1957","焦急","jiāojí ","A","(VS)","anxious,nettle,peeve,worried,vex,fuss,fretful"
1073,"0333","叫好","jiàohăo ","A","(VS)","applaud,shout ""Bravo!"""
1085,"1919","揭幕","jiēmù ","A","(VS)","inauguration,undrape,prologize,unveil,kick off,inaugurate"
1091,"2489","潔白","jiébái ","A","(VS)","pure"
1092,"2188","節儉","jiéjiăn ","A","(VS)","scrimp,economize,thrifty,husband,frugal,stint,retrench,pinch"
1095,"1988","結實","jiéshí ","A","(VS)","strong,solid,durable"
1096,"1987","結業","jiéyè ","A","(VS)","graduate"
1100,"2222","解渴","jiěkě ","A","(VS)","to quench thirst; to allay one's thirst; to assuage one's thirst; to relieve "
1106,"0878","屆","jiè","A","(VS)","fall due"
1116,"2392","緊湊","jǐncòu ","A","(VS)","compact; tight; terse; well-knit"
1117,"2391","緊密","jǐnmì ","A","(VS)","close together,inseparable,rapid and intense"
1119,"2825","謹慎","jǐnshèn ","A","(VS)","cautious,circumspect"
1127,"2035","進化","jìnhuà ","A","(VS)","evolve"
1128,"1401","晉級","jìnjí ","A","(VS)","rise in rank,be promoted"
1130,"2368","盡力","jìnlì ","A","(VS)","try one's best"
1134,"2385","精","jīng ","A","(VS)","perfect,excellent,refined,meticulous,precise,sharp,clever,shrewd"
1136,"2386","精光","jīngguāng ","A","(VS)","stark naked"
1138,"2969","驚惶","jīnghuáng ","A","(VS)","become alarmed/panic-stricken"
1139,"2192","經濟","jīngjì ","A","(VS)","economical,thrifty,of economic value"
1141,"2387","精明","jīngmíng ","A","(VS)","astute,shrewd"
1142,"2967","驚奇","jīngqí ","A","(VS)","wonder,be surprised/amazed"
1145,"2968","驚喜","jīngxǐ ","A","(VS)","be pleasantly surprised"
1146,"2970","驚險","jīngxiăn ","A","(VS)","breathtaking"
1148,"2389","精緻","jīngzhì ","A","(VS)","fine,exquisite,delicate"
1152,"2916","警覺","jǐngjué ","A","(VS)","awake"
1162,"2131","敬佩","jìngpèi ","A","(VS)","esteem,admire"
1171,"1891","就","jiù ","A","(VS)","(1)take advantage of, turn to profit;(2)approach, draw near, come close to"
1175,"1893","就緒","jiùxù ","A","(VS)","be in order, be ready"
1181,"0972","沮喪","jŭsàng","A","(VS)","depressed,disheartened"
1188,"1306","俱全","jùquán ","A","(VS)","complete in all varieties"
1194,"1991","絕跡","juéjī ","A","(VS)","die out,disappearance,die out,go away,die off,vanish,be stamped out,disappear"
1202,"0675","均衡","jūnhéng ","A","(VS)","balance"
1204,"0674","均勻","jūnyún ","A","(VS)","even,well-distributed"
1210,"2046","開放","kāifàng ","A","(VS)","open"
1212,"2060","開闊","kāikuò ","A","(VS)","widen"
1214,"2054","開幕","kāimù ","A","(VS)","open,inaugurate (meeting/etc.),raise curtain"
1226,"1611","康復","kāngfù ","A","(VS)","restore to health, recover"
1227,"2337","慷慨","kāngkăi ","A","(VS)","be generous/liberal/unselfish"
1235,"1224","科幻","kēhuàn ","A","(VS)","scientific and fictional"
1238,"0326","可觀","kěguān ","A","(VS)","considerable,sizable"
1240,"0325","可望","kěwàng ","A","(VS)","has been expected"
1241,"0323","可行","kěxíng ","A","(VS)","feasible"
1242,"0819","刻薄","kèbó ","A","(VS)","mean, ungenerous, carping, harsh"
1244,"0816","刻苦","kèkŭ ","A","(VS)","hard-working, self-sacrificing"
1249,"1007","空曠","kōngkuàng ","A","(VS)","open,wide,spacious"
1255,"1369","恐懼","kǒngjù ","A","(VS)","fear,dread"
1260,"0699","快活","kuàihuó ","A","(VS)","happy,cheerful"
1262,"0750","狂妄","kuángwàng ","A","(VS)","wild,presumptuous,arrogant"
1266,"0672","困擾","kùnrăo ","A","(VS)","perplex,puzzle"
1269,"1249","苦惱","kŭnăo ","A","(VS)","vexed,worried"
1275,"2444","寬廣","kuānguăng ","A","(VS)","broad,extensive,vast"
1276,"2445","寬闊","kuānkuò ","A","(VS)","broad,spacious"
1281,"2766","虧","kuī ","A","(VS)","in mocking sense"
1284,"2800","擴散","kuòsàn","A","(VS)","diffuse,proliferate"
1285,"2799","擴張","kuòzhāng ","A","(VS)","expand,enlarge,extend,dilate"
1293,"2850","懶惰","lănduò ","A","(VS)","lazy"
1294,"2851","懶散","lănsàn","A","(VS)","laze,laze about,laze around,indolent"
1299,"1850","勞改","láogăi ","A","(VS)","to reform through labor"
1300,"1851","勞累","láolèi ","A","(VS)","tire sb."
1311,"2276","雷同","léitóng ","A","(VS)","duplicate,similar,duplication"
1317,"0645","冷門","lěngmén ","A","(VS)","not in popular"
1318,"0647","冷清","lěngqīng ","A","(VS)","solitary"
1321,"2640","罹難","línàn","A","(VS)","die in disaster,die in accident,die in a disaster,die in an accident,be murdered"
1327,"2810","禮貌","lǐmào ","A","(VS)","have good manners,polite"
1328,"1721","理性","lǐxìng ","A","(VS)","rational"
1330,"1723","理智","lǐzhì ","A","(VS)","rational,sagacious,wise"
1333,"0804","例外","lìwài ","A","(VS)","excepted"
1336,"0433","立即","lìjí ","A","(VS)","immediate,prompt"
1342,"0435","立體","lìtǐ ","A","(VS)","three-dimensional,stereoscopic"
1347,"1807","連帶","liándài ","A","(VS)","connected"
1348,"2103","廉價","liánjià ","A","(VS)","low-priced,cheap"
1349,"2104","廉潔","liánjié ","A","(VS)","incorruptible,upright"
1361,"2668","遼闊","liáokuò ","A","(VS)","vast,extensive"
1366,"0470","列入","lièrù ","A","(VS)","be listed/placed"
1370,"2759","臨床","línchuáng ","A","(VS)","clinical"
1373,"2980","靈","líng ","A","(VS)","accurate,right (of prediction/etc.)"
1375,"2982","靈驗","língyàn ","A","(VS)","efficient,effective"
1377,"2433","領會","lǐnghuì ","A","(VS)","understand, comprehend, grasp"
1378,"2431","領悟","lǐngwù ","A","(VS)","comprehend, grasp"
1383,"1183","流傳","liúchuán ","A","(VS)","spread,circulate,hand down"
1386,"1177","流失","liúshī ","A","(VS)","run off,be washed away"
1393,"2953","籠罩","lóngzhào ","A","(VS)","envelop,shroud"
1396,"2358","漏","lòu","A","(VS)","(1)leak out,divulge,leak;(2)be missing,leave out"
1412,"1703","淪陷","lúnxiàn ","A","(VS)","fall into enemy hands"
1415,"2942","囉嗦","lōusuō","A","(VS)","yak,bothersome"
1418,"2205","落得","luòde ","A","(VS)","get, end/result in"
1419,"2206","落魄","luòtuò","A","(VS)","sink,abject"
1421,"2207","落選","luòxuăn ","A","(VS)","wash out,lose an election,fail to be elected"
